date,time,currency,impact,event,detail,actual,forecast,previous,day,timezone
01/06/2008,02:00,CNY,red,Manufacturing PMI,https://www.forexfactory.com/calendar?month=june.2008#detail=18357,53.3,,59.2,Sun,Africa/Lagos
01/06/2008,15:34,NZD,yellow,GDT Price Index,https://www.forexfactory.com/calendar?month=june.2008#detail=56206,-1.2%,,,Sun,Africa/Lagos
01/06/2008,All Day,NZD,gray,Bank Holiday,https://www.forexfactory.com/calendar?month=june.2008#detail=8864,,,,Sun,Africa/Lagos
02/06/2008,00:30,AUD,yellow,AIG Manufacturing Index,https://www.forexfactory.com/calendar?month=june.2008#detail=8822,51.2,,52.7,Mon,Africa/Lagos
02/06/2008,01:30,AUD,yellow,MI Inflation Gauge m/m,https://www.forexfactory.com/calendar?month=june.2008#detail=8823,0.3%,,0.5%,Mon,Africa/Lagos
02/06/2008,02:30,AUD,red,Retail Sales m/m,https://www.forexfactory.com/calendar?month=june.2008#detail=8826,-0.2%,0.2%,0.2%,Mon,Africa/Lagos
02/06/2008,,AUD,yellow,Company Operating Profits q/q,https://www.forexfactory.com/calendar?month=june.2008#detail=8825,2.2%,1.5%,4.1%,Mon,Africa/Lagos
02/06/2008,,JPY,orange,Average Cash Earnings y/y,https://www.forexfactory.com/calendar?month=june.2008#detail=8824,0.6%,1.3%,1.5%,Mon,Africa/Lagos
02/06/2008,02:55,AUD,orange,HIA New Home Sales m/m,https://www.forexfactory.com/calendar?month=june.2008#detail=14468,0.1%,,-6.0%,Mon,Africa/Lagos
02/06/2008,03:30,CNY,orange,RatingDog Manufacturing PMI,https://www.forexfactory.com/calendar?month=june.2008#detail=18353,54.7,,55.4,Mon,Africa/Lagos
02/06/2008,06:45,CHF,orange,GDP q/q,https://www.forexfactory.com/calendar?month=june.2008#detail=8333,0.3%,0.3%,0.9%,Mon,Africa/Lagos
02/06/2008,07:30,AUD,orange,Commodity Prices y/y,https://www.forexfactory.com/calendar?month=june.2008#detail=8828,28.6%,,21.8%,Mon,Africa/Lagos
02/06/2008,All Day,EUR,gray,Italian Bank Holiday,https://www.forexfactory.com/calendar?month=june.2008#detail=38035,,,,Mon,Africa/Lagos
02/06/2008,08:15,EUR,yellow,Spanish Manufacturing PMI,https://www.forexfactory.com/calendar?month=june.2008#detail=43806,43.8,,45.2,Mon,Africa/Lagos
02/06/2008,08:30,CHF,orange,Manufacturing PMI,https://www.forexfactory.com/calendar?month=june.2008#detail=8829,55.7,55.4,56.7,Mon,Africa/Lagos
02/06/2008,08:45,EUR,yellow,Italian Manufacturing PMI,https://www.forexfactory.com/calendar?month=june.2008#detail=43460,48.0,48.2,48.2,Mon,Africa/Lagos
02/06/2008,08:50,EUR,yellow,French Final Manufacturing PMI,https://www.forexfactory.com/calendar?month=june.2008#detail=58913,51.5,51.3,51.3,Mon,Africa/Lagos
02/06/2008,08:55,EUR,yellow,German Final Manufacturing PMI,https://www.forexfactory.com/calendar?month=june.2008#detail=58957,53.6,53.5,53.5,Mon,Africa/Lagos
02/06/2008,09:00,EUR,yellow,Final Manufacturing PMI,https://www.forexfactory.com/calendar?month=june.2008#detail=8821,50.6,50.5,50.5,Mon,Africa/Lagos
02/06/2008,All Day,EUR,yellow,Eurogroup Meetings,https://www.forexfactory.com/calendar?month=june.2008#detail=44054,,,,Mon,Africa/Lagos
02/06/2008,09:30,GBP,red,Final Manufacturing PMI,https://www.forexfactory.com/calendar?month=june.2008#detail=8832,50.0,51.0,50.8,Mon,Africa/Lagos
02/06/2008,,GBP,yellow,Mortgage Approvals,https://www.forexfactory.com/calendar?month=june.2008#detail=8833,58K,64K,63K,Mon,Africa/Lagos
02/06/2008,,GBP,yellow,Net Lending to Individuals m/m,https://www.forexfactory.com/calendar?month=june.2008#detail=8831,7.3B,8.0B,7.9B,Mon,Africa/Lagos
02/06/2008,14:30,EUR,orange,ECB President Trichet Speaks,https://www.forexfactory.com/calendar?month=june.2008#detail=8877,,,,Mon,Africa/Lagos
02/06/2008,15:00,USD,red,ISM Manufacturing PMI,https://www.forexfactory.com/calendar?month=june.2008#detail=8834,49.6,48.6,48.6,Mon,Africa/Lagos
02/06/2008,,USD,yellow,Construction Spending m/m,https://www.forexfactory.com/calendar?month=june.2008#detail=8836,-0.4%,-0.5%,-0.6%,Mon,Africa/Lagos
02/06/2008,,USD,yellow,ISM Manufacturing Prices,https://www.forexfactory.com/calendar?month=june.2008#detail=8835,87.0,85.0,84.5,Mon,Africa/Lagos
03/06/2008,00:50,JPY,yellow,Monetary Base y/y,https://www.forexfactory.com/calendar?month=june.2008#detail=8837,-0.9%,-0.9%,-2.8%,Tue,Africa/Lagos
03/06/2008,02:00,CNY,yellow,Non-Manufacturing PMI,https://www.forexfactory.com/calendar?month=june.2008#detail=42288,60.5,,62.9,Tue,Africa/Lagos
03/06/2008,02:30,AUD,red,Building Approvals m/m,https://www.forexfactory.com/calendar?month=june.2008#detail=8839,7.8%,-0.9%,-5.5%,Tue,Africa/Lagos
03/06/2008,,AUD,orange,Current Account,https://www.forexfactory.com/calendar?month=june.2008#detail=8838,-19.5B,-20.4B,-18.7B,Tue,Africa/Lagos
03/06/2008,04:45,JPY,yellow,10-y Bond Auction,https://www.forexfactory.com/calendar?month=june.2008#detail=48991,1.80|2.1,,1.66|2.5,Tue,Africa/Lagos
03/06/2008,05:30,AUD,red,Cash Rate,https://www.forexfactory.com/calendar?month=june.2008#detail=8071,7.25%,7.25%,7.25%,Tue,Africa/Lagos
03/06/2008,,AUD,red,RBA Rate Statement,https://www.forexfactory.com/calendar?month=june.2008#detail=8070,,,,Tue,Africa/Lagos
03/06/2008,06:45,CHF,red,CPI m/m,https://www.forexfactory.com/calendar?month=june.2008#detail=8749,0.8%,0.4%,0.8%,Tue,Africa/Lagos
03/06/2008,08:00,EUR,yellow,Spanish Unemployment Change,https://www.forexfactory.com/calendar?month=june.2008#detail=43985,15.1K,,37.5K,Tue,Africa/Lagos
03/06/2008,All Day,EUR,yellow,ECOFIN Meetings,https://www.forexfactory.com/calendar?month=june.2008#detail=36343,,,,Tue,Africa/Lagos
03/06/2008,09:30,GBP,orange,Construction PMI,https://www.forexfactory.com/calendar?month=june.2008#detail=8841,43.9,45.7,46.1,Tue,Africa/Lagos
03/06/2008,10:00,EUR,yellow,PPI m/m,https://www.forexfactory.com/calendar?month=june.2008#detail=8721,0.8%,0.8%,0.7%,Tue,Africa/Lagos
03/06/2008,,EUR,yellow,Revised GDP q/q,https://www.forexfactory.com/calendar?month=june.2008#detail=8638,0.8%,0.7%,0.7%,Tue,Africa/Lagos
03/06/2008,14:00,EUR,orange,ECB President Trichet Speaks,https://www.forexfactory.com/calendar?month=june.2008#detail=8870,,,,Tue,Africa/Lagos
03/06/2008,,JPY,orange,BOJ Gov Shirakawa Speaks,https://www.forexfactory.com/calendar?month=june.2008#detail=8871,,,,Tue,Africa/Lagos
03/06/2008,,USD,red,Fed Chairman Bernanke Speaks,https://www.forexfactory.com/calendar?month=june.2008#detail=8869,,,,Tue,Africa/Lagos
03/06/2008,15:00,USD,orange,Factory Orders m/m,https://www.forexfactory.com/calendar?month=june.2008#detail=8842,1.1%,0.0%,1.5%,Tue,Africa/Lagos
03/06/2008,All Day,USD,yellow,Total Vehicle Sales,https://www.forexfactory.com/calendar?month=june.2008#detail=8840,14.3M,14.5M,14.5M,Tue,Africa/Lagos
04/06/2008,00:01,GBP,orange,Nationwide Consumer Confidence,https://www.forexfactory.com/calendar?month=june.2008#detail=9673,69,68,70,Wed,Africa/Lagos
04/06/2008,00:30,AUD,yellow,AIG Services Index,https://www.forexfactory.com/calendar?month=june.2008#detail=8844,49.7,,47.3,Wed,Africa/Lagos
04/06/2008,00:50,JPY,orange,Capital Spending q/y,https://www.forexfactory.com/calendar?month=june.2008#detail=8845,-4.9%,-9.6%,-7.7%,Wed,Africa/Lagos
04/06/2008,02:30,AUD,red,GDP q/q,https://www.forexfactory.com/calendar?month=june.2008#detail=8337,0.6%,0.3%,0.7%,Wed,Africa/Lagos
04/06/2008,,AUD,orange,RBA Deputy Gov Lowe Speaks,https://www.forexfactory.com/calendar?month=june.2008#detail=10374,,,,Wed,Africa/Lagos
04/06/2008,04:00,NZD,yellow,ANZ Commodity Prices m/m,https://www.forexfactory.com/calendar?month=june.2008#detail=8846,1.0%,,-0.3%,Wed,Africa/Lagos
04/06/2008,08:15,EUR,yellow,Spanish Services PMI,https://www.forexfactory.com/calendar?month=june.2008#detail=43902,43.3,,42.5,Wed,Africa/Lagos
04/06/2008,08:30,EUR,orange,ECB President Trichet Speaks,https://www.forexfactory.com/calendar?month=june.2008#detail=8875,,,,Wed,Africa/Lagos
04/06/2008,08:45,EUR,yellow,Italian Services PMI,https://www.forexfactory.com/calendar?month=june.2008#detail=43520,48.1,49.5,49.8,Wed,Africa/Lagos
04/06/2008,08:50,EUR,yellow,French Final Services PMI,https://www.forexfactory.com/calendar?month=june.2008#detail=59088,50.5,50.7,50.7,Wed,Africa/Lagos
04/06/2008,08:55,EUR,yellow,German Final Services PMI,https://www.forexfactory.com/calendar?month=june.2008#detail=59097,53.8,53.7,53.7,Wed,Africa/Lagos
04/06/2008,09:00,EUR,yellow,Final Services PMI,https://www.forexfactory.com/calendar?month=june.2008#detail=8847,50.6,50.6,50.6,Wed,Africa/Lagos
04/06/2008,09:30,GBP,red,Final Services PMI,https://www.forexfactory.com/calendar?month=june.2008#detail=8878,49.8,50.4,50.4,Wed,Africa/Lagos
04/06/2008,10:00,EUR,orange,Retail Sales m/m,https://www.forexfactory.com/calendar?month=june.2008#detail=8848,-0.6%,0.2%,-0.9%,Wed,Africa/Lagos
04/06/2008,10:38,GBP,yellow,BRC Shop Price Index y/y,https://www.forexfactory.com/calendar?month=june.2008#detail=8849,1.8%,,1.2%,Wed,Africa/Lagos
04/06/2008,12:30,USD,yellow,Challenger Job Cuts y/y,https://www.forexfactory.com/calendar?month=june.2008#detail=8610,45.6%,,27.4%,Wed,Africa/Lagos
04/06/2008,13:15,USD,red,ADP Non-Farm Employment Change,https://www.forexfactory.com/calendar?month=june.2008#detail=8585,40K,-30K,13K,Wed,Africa/Lagos
04/06/2008,13:30,USD,orange,Revised Nonfarm Productivity q/q,https://www.forexfactory.com/calendar?month=june.2008#detail=8850,2.6%,2.5%,2.2%,Wed,Africa/Lagos
04/06/2008,,USD,yellow,Revised Unit Labor Costs q/q,https://www.forexfactory.com/calendar?month=june.2008#detail=8851,2.2%,2.0%,2.2%,Wed,Africa/Lagos
04/06/2008,15:00,USD,red,ISM Services PMI,https://www.forexfactory.com/calendar?month=june.2008#detail=8852,51.7,51.0,52.0,Wed,Africa/Lagos
04/06/2008,15:30,GBP,yellow,CB Leading Index m/m,https://www.forexfactory.com/calendar?month=june.2008#detail=10339,-0.5%,,-0.1%,Wed,Africa/Lagos
04/06/2008,15:35,USD,orange,Crude Oil Inventories,https://www.forexfactory.com/calendar?month=june.2008#detail=7882,-4.8M,1.1M,-8.8M,Wed,Africa/Lagos
04/06/2008,19:45,USD,red,Fed Chairman Bernanke Speaks,https://www.forexfactory.com/calendar?month=june.2008#detail=8872,,,,Wed,Africa/Lagos
04/06/2008,22:00,NZD,red,Official Cash Rate,https://www.forexfactory.com/calendar?month=june.2008#detail=8108,8.25%,8.25%,8.25%,Wed,Africa/Lagos
04/06/2008,,NZD,red,RBNZ Press Conference,https://www.forexfactory.com/calendar?month=june.2008#detail=12615,,,,Wed,Africa/Lagos
04/06/2008,,NZD,red,RBNZ Rate Statement,https://www.forexfactory.com/calendar?month=june.2008#detail=8109,,,,Wed,Africa/Lagos
04/06/2008,,NZD,orange,RBNZ Monetary Policy Statement,https://www.forexfactory.com/calendar?month=june.2008#detail=13186,,,,Wed,Africa/Lagos
05/06/2008,02:30,AUD,red,Goods Trade Balance,https://www.forexfactory.com/calendar?month=june.2008#detail=8853,-0.96B,-1.73B,-2.55B,Thu,Africa/Lagos
05/06/2008,08:00,CHF,yellow,Foreign Currency Reserves,https://www.forexfactory.com/calendar?month=june.2008#detail=42180,47B,,46B,Thu,Africa/Lagos
05/06/2008,,GBP,red,Halifax HPI m/m,https://www.forexfactory.com/calendar?month=june.2008#detail=8827,-2.4%,-1.1%,-1.5%,Thu,Africa/Lagos
05/06/2008,10:04,EUR,yellow,French 10-y Bond Auction,https://www.forexfactory.com/calendar?month=june.2008#detail=43340,4.61|2.3,,4.35|2.3,Thu,Africa/Lagos
05/06/2008,11:00,EUR,orange,German Factory Orders m/m,https://www.forexfactory.com/calendar?month=june.2008#detail=8854,-1.8%,0.4%,-0.5%,Thu,Africa/Lagos
05/06/2008,12:00,GBP,red,Official Bank Rate,https://www.forexfactory.com/calendar?month=june.2008#detail=8118,5.00%,5.00%,5.00%,Thu,Africa/Lagos
05/06/2008,12:45,EUR,orange,Main Refinancing Rate,https://www.forexfactory.com/calendar?month=june.2008#detail=7952,4.00%,4.00%,4.00%,Thu,Africa/Lagos
05/06/2008,13:30,CAD,red,Building Permits m/m,https://www.forexfactory.com/calendar?month=june.2008#detail=8855,14.5%,0.4%,-4.6%,Thu,Africa/Lagos
05/06/2008,,EUR,red,ECB Press Conference,https://www.forexfactory.com/calendar?month=june.2008#detail=7953,,,,Thu,Africa/Lagos
05/06/2008,,USD,red,Unemployment Claims,https://www.forexfactory.com/calendar?month=june.2008#detail=7918,357K,374K,375K,Thu,Africa/Lagos
05/06/2008,15:00,CAD,red,Ivey PMI,https://www.forexfactory.com/calendar?month=june.2008#detail=8856,62.5,58.8,57.6,Thu,Africa/Lagos
05/06/2008,,USD,orange,Mortgage Delinquencies,https://www.forexfactory.com/calendar?month=june.2008#detail=30060,6.35%,,5.82%,Thu,Africa/Lagos
05/06/2008,15:35,USD,yellow,Natural Gas Storage,https://www.forexfactory.com/calendar?month=june.2008#detail=8245,105B,103B,87B,Thu,Africa/Lagos
05/06/2008,16:00,USD,red,FOMC Member Kohn Speaks,https://www.forexfactory.com/calendar?month=june.2008#detail=9366,,,,Thu,Africa/Lagos
05/06/2008,17:00,USD,orange,FOMC Member Plosser Speaks,https://www.forexfactory.com/calendar?month=june.2008#detail=8874,,,,Thu,Africa/Lagos
06/06/2008,00:30,AUD,yellow,AIG Construction Index,https://www.forexfactory.com/calendar?month=june.2008#detail=8857,36.9,,42.6,Fri,Africa/Lagos
06/06/2008,07:45,EUR,yellow,French Gov Budget Balance,https://www.forexfactory.com/calendar?month=june.2008#detail=8859,-45.0B,,-22.5B,Fri,Africa/Lagos
06/06/2008,,EUR,yellow,French Trade Balance,https://www.forexfactory.com/calendar?month=june.2008#detail=8858,-3.7B,-4.0B,-4.3B,Fri,Africa/Lagos
06/06/2008,10:00,CHF,orange,Gov Board Member Jordan Speaks,https://www.forexfactory.com/calendar?month=june.2008#detail=8876,,,,Fri,Africa/Lagos
06/06/2008,11:00,EUR,orange,German Industrial Production m/m,https://www.forexfactory.com/calendar?month=june.2008#detail=8860,-0.8%,0.2%,-0.8%,Fri,Africa/Lagos
06/06/2008,12:00,CAD,red,Employment Change,https://www.forexfactory.com/calendar?month=june.2008#detail=8492,8.4K,10.0K,19.2K,Fri,Africa/Lagos
06/06/2008,,CAD,red,Unemployment Rate,https://www.forexfactory.com/calendar?month=june.2008#detail=8445,6.1%,6.1%,6.1%,Fri,Africa/Lagos
06/06/2008,13:30,USD,red,Non-Farm Employment Change,https://www.forexfactory.com/calendar?month=june.2008#detail=8485,-49K,-57K,-28K,Fri,Africa/Lagos
06/06/2008,,USD,red,Unemployment Rate,https://www.forexfactory.com/calendar?month=june.2008#detail=8444,5.5%,5.1%,5.0%,Fri,Africa/Lagos
06/06/2008,,USD,orange,Average Hourly Earnings m/m,https://www.forexfactory.com/calendar?month=june.2008#detail=8861,0.3%,0.2%,0.1%,Fri,Africa/Lagos
06/06/2008,13:45,USD,orange,FOMC Member Kroszner Speaks,https://www.forexfactory.com/calendar?month=june.2008#detail=8873,,,,Fri,Africa/Lagos
06/06/2008,15:00,USD,yellow,Final Wholesale Inventories m/m,https://www.forexfactory.com/calendar?month=june.2008#detail=8862,1.3%,0.4%,0.1%,Fri,Africa/Lagos
06/06/2008,17:00,EUR,orange,German Buba President Weber Speaks,https://www.forexfactory.com/calendar?month=june.2008#detail=19997,,,,Fri,Africa/Lagos
06/06/2008,20:00,USD,yellow,Consumer Credit m/m,https://www.forexfactory.com/calendar?month=june.2008#detail=8863,8.9B,7.3B,13.1B,Fri,Africa/Lagos
08/06/2008,All Day,AUD,gray,Bank Holiday,https://www.forexfactory.com/calendar?month=june.2008#detail=9126,,,,Sun,Africa/Lagos
09/06/2008,00:50,JPY,yellow,Bank Lending y/y,https://www.forexfactory.com/calendar?month=june.2008#detail=11967,1.5%,,1.2%,Mon,Africa/Lagos
09/06/2008,,JPY,yellow,M2 Money Stock y/y,https://www.forexfactory.com/calendar?month=june.2008#detail=8879,2.0%,2.0%,1.9%,Mon,Africa/Lagos
09/06/2008,All Day,CNY,gray,Bank Holiday,https://www.forexfactory.com/calendar?month=june.2008#detail=23550,,,,Mon,Africa/Lagos
09/06/2008,06:00,JPY,yellow,Leading Indicators,https://www.forexfactory.com/calendar?month=june.2008#detail=8880,92.8%,93.0%,90.8%,Mon,Africa/Lagos
09/06/2008,06:45,CHF,yellow,Unemployment Rate,https://www.forexfactory.com/calendar?month=june.2008#detail=8551,2.5%,2.5%,2.5%,Mon,Africa/Lagos
09/06/2008,07:00,EUR,yellow,German Trade Balance,https://www.forexfactory.com/calendar?month=june.2008#detail=8881,17.7B,15.9B,15.3B,Mon,Africa/Lagos
09/06/2008,08:00,JPY,yellow,Economy Watchers Sentiment,https://www.forexfactory.com/calendar?month=june.2008#detail=8882,32.1,34.5,35.5,Mon,Africa/Lagos
09/06/2008,09:30,EUR,yellow,Sentix Investor Confidence,https://www.forexfactory.com/calendar?month=june.2008#detail=8883,5.2,3.0,3.5,Mon,Africa/Lagos
09/06/2008,,GBP,red,PPI Input m/m,https://www.forexfactory.com/calendar?month=june.2008#detail=8793,3.8%,2.6%,3.2%,Mon,Africa/Lagos
09/06/2008,,GBP,yellow,PPI Output m/m,https://www.forexfactory.com/calendar?month=june.2008#detail=8792,1.6%,0.8%,1.5%,Mon,Africa/Lagos
09/06/2008,11:00,EUR,yellow,ECB Financial Stability Review,https://www.forexfactory.com/calendar?month=june.2008#detail=58826,,,,Mon,Africa/Lagos
09/06/2008,13:15,CAD,red,Housing Starts,https://www.forexfactory.com/calendar?month=june.2008#detail=8884,221K,220K,214K,Mon,Africa/Lagos
09/06/2008,15:00,CHF,orange,SNB Chairman Roth Speaks,https://www.forexfactory.com/calendar?month=june.2008#detail=9038,,,,Mon,Africa/Lagos
09/06/2008,,USD,red,Pending Home Sales m/m,https://www.forexfactory.com/calendar?month=june.2008#detail=8885,6.3%,-0.5%,-1.0%,Mon,Africa/Lagos
09/06/2008,17:15,USD,orange,FOMC Member Geithner Speaks,https://www.forexfactory.com/calendar?month=june.2008#detail=9033,,,,Mon,Africa/Lagos
09/06/2008,17:30,EUR,orange,ECB President Trichet Speaks,https://www.forexfactory.com/calendar?month=june.2008#detail=9035,,,,Mon,Africa/Lagos
10/06/2008,00:01,GBP,orange,BRC Retail Sales Monitor y/y,https://www.forexfactory.com/calendar?month=june.2008#detail=8886,1.9%,,-1.5%,Tue,Africa/Lagos
10/06/2008,,GBP,orange,RICS House Price Balance,https://www.forexfactory.com/calendar?month=june.2008#detail=8887,-93%,-97%,-95%,Tue,Africa/Lagos
10/06/2008,00:50,JPY,orange,Core Machinery Orders m/m,https://www.forexfactory.com/calendar?month=june.2008#detail=8888,5.5%,3.1%,-8.3%,Tue,Africa/Lagos
10/06/2008,01:15,USD,red,Fed Chairman Bernanke Speaks,https://www.forexfactory.com/calendar?month=june.2008#detail=9029,,,,Tue,Africa/Lagos
10/06/2008,02:30,AUD,red,Home Loans m/m,https://www.forexfactory.com/calendar?month=june.2008#detail=8889,-3.0%,-2.0%,-5.7%,Tue,Africa/Lagos
10/06/2008,,AUD,orange,ANZ Job Advertisements m/m,https://www.forexfactory.com/calendar?month=june.2008#detail=19255,-1.7%,,3.1%,Tue,Africa/Lagos
10/06/2008,,AUD,yellow,NAB Business Confidence,https://www.forexfactory.com/calendar?month=june.2008#detail=8890,-4,,-8,Tue,Africa/Lagos
10/06/2008,07:00,EUR,yellow,German WPI m/m,https://www.forexfactory.com/calendar?month=june.2008#detail=9041,1.4%,0.6%,0.6%,Tue,Africa/Lagos
10/06/2008,,JPY,yellow,Prelim Machine Tool Orders y/y,https://www.forexfactory.com/calendar?month=june.2008#detail=8891,1.4%,,0.4%,Tue,Africa/Lagos
10/06/2008,07:45,EUR,orange,French Industrial Production m/m,https://www.forexfactory.com/calendar?month=june.2008#detail=8892,1.4%,0.3%,-1.0%,Tue,Africa/Lagos
10/06/2008,09:00,EUR,yellow,Italian Industrial Production m/m,https://www.forexfactory.com/calendar?month=june.2008#detail=8893,0.7%,-0.2%,-0.1%,Tue,Africa/Lagos
10/06/2008,09:30,GBP,red,Manufacturing Production m/m,https://www.forexfactory.com/calendar?month=june.2008#detail=8895,0.1%,0.0%,-0.5%,Tue,Africa/Lagos
10/06/2008,,GBP,yellow,Industrial Production m/m,https://www.forexfactory.com/calendar?month=june.2008#detail=8894,0.2%,0.0%,-0.5%,Tue,Africa/Lagos
10/06/2008,11:06,GBP,yellow,ONS HPI y/y,https://www.forexfactory.com/calendar?month=june.2008#detail=9149,4.9%,3.4%,5.2%,Tue,Africa/Lagos
10/06/2008,12:00,GBP,red,BOE Gov King Speaks,https://www.forexfactory.com/calendar?month=june.2008#detail=9036,,,,Tue,Africa/Lagos
10/06/2008,12:30,USD,yellow,NFIB Small Business Index,https://www.forexfactory.com/calendar?month=june.2008#detail=48355,89.3,,91.5,Tue,Africa/Lagos
10/06/2008,13:00,USD,orange,FOMC Member Fisher Speaks,https://www.forexfactory.com/calendar?month=june.2008#detail=9034,,,,Tue,Africa/Lagos
10/06/2008,13:30,CAD,red,Trade Balance,https://www.forexfactory.com/calendar?month=june.2008#detail=8898,5.1B,5.7B,5.7B,Tue,Africa/Lagos
10/06/2008,,USD,red,Trade Balance,https://www.forexfactory.com/calendar?month=june.2008#detail=8897,-60.9B,-59.5B,-56.5B,Tue,Africa/Lagos
10/06/2008,,USD,orange,FOMC Member Mishkin Speaks,https://www.forexfactory.com/calendar?month=june.2008#detail=9146,,,,Tue,Africa/Lagos
10/06/2008,14:00,CAD,red,BOC Rate Statement,https://www.forexfactory.com/calendar?month=june.2008#detail=8091,,,,Tue,Africa/Lagos
10/06/2008,,CAD,red,Overnight Rate,https://www.forexfactory.com/calendar?month=june.2008#detail=8090,3.00%,2.75%,3.00%,Tue,Africa/Lagos
10/06/2008,14:15,EUR,orange,German Buba President Weber Speaks,https://www.forexfactory.com/calendar?month=june.2008#detail=19996,,,,Tue,Africa/Lagos
10/06/2008,15:00,USD,yellow,JOLTS Job Openings,https://www.forexfactory.com/calendar?month=june.2008#detail=49286,3.71M,,3.67M,Tue,Africa/Lagos
10/06/2008,,USD,yellow,RCM/TIPP Economic Optimism,https://www.forexfactory.com/calendar?month=june.2008#detail=8899,37.4,40.0,40.3,Tue,Africa/Lagos
10/06/2008,23:45,NZD,yellow,Overseas Trade Index q/q,https://www.forexfactory.com/calendar?month=june.2008#detail=8900,4.1%,0.3%,2.6%,Tue,Africa/Lagos
11/06/2008,00:01,GBP,yellow,NIESR GDP Estimate,https://www.forexfactory.com/calendar?month=june.2008#detail=8901,0.2%,,0.4%,Wed,Africa/Lagos
11/06/2008,00:50,JPY,orange,Final GDP q/q,https://www.forexfactory.com/calendar?month=june.2008#detail=8357,1.0%,0.9%,0.8%,Wed,Africa/Lagos
11/06/2008,,JPY,yellow,Current Account,https://www.forexfactory.com/calendar?month=june.2008#detail=8902,1.51T,1.83T,2.10T,Wed,Africa/Lagos
11/06/2008,,JPY,yellow,Final GDP Price Index y/y,https://www.forexfactory.com/calendar?month=june.2008#detail=8363,-1.5%,-1.4%,-1.4%,Wed,Africa/Lagos
11/06/2008,,JPY,yellow,PPI y/y,https://www.forexfactory.com/calendar?month=june.2008#detail=9062,4.7%,3.9%,3.9%,Wed,Africa/Lagos
11/06/2008,01:30,AUD,orange,Westpac Consumer Sentiment,https://www.forexfactory.com/calendar?month=june.2008#detail=8903,-5.6%,,2.7%,Wed,Africa/Lagos
11/06/2008,03:00,CNY,orange,PPI y/y,https://www.forexfactory.com/calendar?month=june.2008#detail=18574,8.2%,8.3%,8.1%,Wed,Africa/Lagos
11/06/2008,07:30,CNY,red,USD-Denominated Trade Balance,https://www.forexfactory.com/calendar?month=june.2008#detail=18386,20.2B,21.3B,16.7B,Wed,Africa/Lagos
11/06/2008,07:45,EUR,yellow,French Final CPI m/m,https://www.forexfactory.com/calendar?month=june.2008#detail=8904,0.5%,0.4%,0.3%,Wed,Africa/Lagos
11/06/2008,09:30,GBP,red,Claimant Count Change,https://www.forexfactory.com/calendar?month=june.2008#detail=8560,9.0K,8.0K,11.2K,Wed,Africa/Lagos
11/06/2008,,GBP,orange,Average Earnings Index 3m/y,https://www.forexfactory.com/calendar?month=june.2008#detail=8905,3.8%,4.1%,4.0%,Wed,Africa/Lagos
11/06/2008,,GBP,orange,Goods Trade Balance,https://www.forexfactory.com/calendar?month=june.2008#detail=8906,-7.6B,-7.3B,-7.1B,Wed,Africa/Lagos
11/06/2008,,GBP,yellow,Unemployment Rate,https://www.forexfactory.com/calendar?month=june.2008#detail=8468,5.3%,5.2%,5.2%,Wed,Africa/Lagos
11/06/2008,13:30,CAD,yellow,Capacity Utilization Rate,https://www.forexfactory.com/calendar?month=june.2008#detail=8907,79.8%,80.7%,81.8%,Wed,Africa/Lagos
11/06/2008,,CAD,yellow,NHPI m/m,https://www.forexfactory.com/calendar?month=june.2008#detail=8908,0.0%,0.3%,0.2%,Wed,Africa/Lagos
11/06/2008,15:35,USD,orange,Crude Oil Inventories,https://www.forexfactory.com/calendar?month=june.2008#detail=7883,-4.6M,-0.9M,-4.8M,Wed,Africa/Lagos
11/06/2008,16:30,USD,orange,FOMC Member Kohn Speaks,https://www.forexfactory.com/calendar?month=june.2008#detail=9030,,,,Wed,Africa/Lagos
11/06/2008,17:15,USD,orange,FOMC Member Kroszner Speaks,https://www.forexfactory.com/calendar?month=june.2008#detail=9031,,,,Wed,Africa/Lagos
11/06/2008,19:00,USD,orange,Beige Book,https://www.forexfactory.com/calendar?month=june.2008#detail=8909,,,,Wed,Africa/Lagos
11/06/2008,,USD,orange,Federal Budget Balance,https://www.forexfactory.com/calendar?month=june.2008#detail=10911,-165.9B,-160.0B,159.3B,Wed,Africa/Lagos
11/06/2008,23:31,NZD,yellow,BusinessNZ Manufacturing Index,https://www.forexfactory.com/calendar?month=june.2008#detail=8910,49.3,,51.5,Wed,Africa/Lagos
11/06/2008,23:45,NZD,yellow,FPI m/m,https://www.forexfactory.com/calendar?month=june.2008#detail=8775,1.0%,,0.3%,Wed,Africa/Lagos
12/06/2008,02:00,AUD,yellow,MI Inflation Expectations,https://www.forexfactory.com/calendar?month=june.2008#detail=10314,5.9%,,5.2%,Thu,Africa/Lagos
12/06/2008,02:25,CNY,yellow,Foreign Direct Investment ytd/y,https://www.forexfactory.com/calendar?month=june.2008#detail=19299,55.0%,,59.3%,Thu,Africa/Lagos
12/06/2008,02:30,AUD,red,Employment Change,https://www.forexfactory.com/calendar?month=june.2008#detail=8574,-19.7K,13.8K,37.5K,Thu,Africa/Lagos
12/06/2008,,AUD,red,Unemployment Rate,https://www.forexfactory.com/calendar?month=june.2008#detail=8567,4.3%,4.2%,4.3%,Thu,Africa/Lagos
12/06/2008,03:00,CNY,orange,CPI y/y,https://www.forexfactory.com/calendar?month=june.2008#detail=18526,7.7%,7.9%,8.5%,Thu,Africa/Lagos
12/06/2008,,CNY,orange,New Loans,https://www.forexfactory.com/calendar?month=june.2008#detail=24348,319B,,464B,Thu,Africa/Lagos
12/06/2008,,CNY,yellow,M2 Money Supply y/y,https://www.forexfactory.com/calendar?month=june.2008#detail=24253,18.1%,16.8%,16.9%,Thu,Africa/Lagos
12/06/2008,07:45,EUR,yellow,French Final Private Payrolls q/q,https://www.forexfactory.com/calendar?month=june.2008#detail=8605,0.4%,0.3%,0.2%,Thu,Africa/Lagos
12/06/2008,09:00,EUR,orange,ECB Monthly Bulletin,https://www.forexfactory.com/calendar?month=june.2008#detail=8452,,,,Thu,Africa/Lagos
12/06/2008,09:30,GBP,orange,Consumer Inflation Expectations,https://www.forexfactory.com/calendar?month=june.2008#detail=9037,4.3%,,3.3%,Thu,Africa/Lagos
12/06/2008,10:00,EUR,orange,Industrial Production m/m,https://www.forexfactory.com/calendar?month=june.2008#detail=8911,0.9%,0.0%,-0.5%,Thu,Africa/Lagos
12/06/2008,10:15,EUR,orange,German Buba President Weber Speaks,https://www.forexfactory.com/calendar?month=june.2008#detail=19995,,,,Thu,Africa/Lagos
12/06/2008,11:00,CHF,orange,Gov Board Member Jordan Speaks,https://www.forexfactory.com/calendar?month=june.2008#detail=9040,,,,Thu,Africa/Lagos
12/06/2008,13:30,USD,red,Core Retail Sales m/m,https://www.forexfactory.com/calendar?month=june.2008#detail=8974,1.2%,0.7%,1.0%,Thu,Africa/Lagos
12/06/2008,,USD,red,Retail Sales m/m,https://www.forexfactory.com/calendar?month=june.2008#detail=8975,1.0%,0.5%,0.4%,Thu,Africa/Lagos
12/06/2008,,USD,orange,Import Prices m/m,https://www.forexfactory.com/calendar?month=june.2008#detail=8912,2.3%,2.5%,2.4%,Thu,Africa/Lagos
12/06/2008,,USD,orange,Unemployment Claims,https://www.forexfactory.com/calendar?month=june.2008#detail=7919,384K,370K,359K,Thu,Africa/Lagos
12/06/2008,15:00,USD,orange,Business Inventories m/m,https://www.forexfactory.com/calendar?month=june.2008#detail=8915,0.5%,0.3%,0.2%,Thu,Africa/Lagos
12/06/2008,15:35,USD,yellow,Natural Gas Storage,https://www.forexfactory.com/calendar?month=june.2008#detail=8246,80B,94B,105B,Thu,Africa/Lagos
12/06/2008,16:30,USD,red,Fed Chairman Bernanke Speaks,https://www.forexfactory.com/calendar?month=june.2008#detail=9032,,,,Thu,Africa/Lagos
12/06/2008,18:00,USD,orange,10-y Bond Auction,https://www.forexfactory.com/calendar?month=june.2008#detail=43072,4.23|2.3,,3.94|2.2,Thu,Africa/Lagos
12/06/2008,23:45,NZD,red,Core Retail Sales m/m,https://www.forexfactory.com/calendar?month=june.2008#detail=8917,-0.5%,0.2%,-0.4%,Thu,Africa/Lagos
12/06/2008,,NZD,red,Retail Sales m/m,https://www.forexfactory.com/calendar?month=june.2008#detail=8916,1.0%,0.5%,-1.2%,Thu,Africa/Lagos
13/06/2008,All Day,All,orange,G8 Meetings,https://www.forexfactory.com/calendar?month=june.2008#detail=9147,,,,Fri,Africa/Lagos
13/06/2008,03:00,CNY,yellow,Retail Sales y/y,https://www.forexfactory.com/calendar?month=june.2008#detail=23252,21.6%,21.9%,22.0%,Fri,Africa/Lagos
13/06/2008,04:10,AUD,red,RBA Gov Stevens Speaks,https://www.forexfactory.com/calendar?month=june.2008#detail=9039,,,,Fri,Africa/Lagos
13/06/2008,04:23,JPY,orange,Overnight Call Rate,https://www.forexfactory.com/calendar?month=june.2008#detail=8121,0.50%,0.50%,0.50%,Fri,Africa/Lagos
13/06/2008,05:30,JPY,yellow,Revised Industrial Production m/m,https://www.forexfactory.com/calendar?month=june.2008#detail=8918,-0.2%,-0.3%,-0.3%,Fri,Africa/Lagos
13/06/2008,06:00,JPY,yellow,Consumer Confidence,https://www.forexfactory.com/calendar?month=june.2008#detail=8919,33.9,34.5,35.2,Fri,Africa/Lagos
13/06/2008,07:00,EUR,yellow,German Final CPI m/m,https://www.forexfactory.com/calendar?month=june.2008#detail=8921,0.6%,0.6%,0.6%,Fri,Africa/Lagos
13/06/2008,,JPY,orange,BOJ Monthly Report,https://www.forexfactory.com/calendar?month=june.2008#detail=8920,,,,Fri,Africa/Lagos
13/06/2008,08:25,JPY,red,BOJ Press Conference,https://www.forexfactory.com/calendar?month=june.2008#detail=8122,,,,Fri,Africa/Lagos
13/06/2008,10:00,EUR,yellow,Final Employment Change q/q,https://www.forexfactory.com/calendar?month=june.2008#detail=8599,0.3%,,0.3%,Fri,Africa/Lagos
13/06/2008,13:30,CAD,orange,Labor Productivity q/q,https://www.forexfactory.com/calendar?month=june.2008#detail=9220,-0.3%,-0.4%,-0.7%,Fri,Africa/Lagos
13/06/2008,,CAD,orange,Manufacturing Sales m/m,https://www.forexfactory.com/calendar?month=june.2008#detail=8923,2.0%,0.2%,-1.7%,Fri,Africa/Lagos
13/06/2008,,USD,red,Core CPI m/m,https://www.forexfactory.com/calendar?month=june.2008#detail=8674,0.2%,0.2%,0.1%,Fri,Africa/Lagos
13/06/2008,,USD,red,CPI y/y,https://www.forexfactory.com/calendar?month=june.2008#detail=128364,4.2%,3.9%,3.9%,Fri,Africa/Lagos
13/06/2008,,USD,orange,CPI m/m,https://www.forexfactory.com/calendar?month=june.2008#detail=8675,0.6%,0.5%,0.2%,Fri,Africa/Lagos
13/06/2008,14:55,USD,red,Prelim UoM Consumer Sentiment,https://www.forexfactory.com/calendar?month=june.2008#detail=8427,56.7,59.5,59.8,Fri,Africa/Lagos
13/06/2008,,USD,yellow,Prelim UoM Inflation Expectations,https://www.forexfactory.com/calendar?month=june.2008#detail=9967,5.1%,,5.2%,Fri,Africa/Lagos
13/06/2008,All Day,EUR,orange,Irish Lisbon Treaty Vote,https://www.forexfactory.com/calendar?month=june.2008#detail=9148,No,No,,Fri,Africa/Lagos
14/06/2008,06:00,USD,orange,Treasury Sec Paulson Speaks,https://www.forexfactory.com/calendar?month=june.2008#detail=9241,,,,Sat,Africa/Lagos
15/06/2008,23:49,NZD,yellow,Manufacturing Sales q/q,https://www.forexfactory.com/calendar?month=june.2008#detail=9095,3.7%,,8.3%,Sun,Africa/Lagos
16/06/2008,03:00,CNY,red,Industrial Production y/y,https://www.forexfactory.com/calendar?month=june.2008#detail=18454,16.0%,16.2%,15.7%,Mon,Africa/Lagos
16/06/2008,08:15,CHF,orange,Retail Sales y/y,https://www.forexfactory.com/calendar?month=june.2008#detail=9055,2.4%,4.1%,-2.5%,Mon,Africa/Lagos
16/06/2008,10:00,EUR,red,Final CPI y/y,https://www.forexfactory.com/calendar?month=june.2008#detail=9124,3.7%,3.6%,3.6%,Mon,Africa/Lagos
16/06/2008,,EUR,orange,Final Core CPI y/y,https://www.forexfactory.com/calendar?month=june.2008#detail=9125,1.7%,1.8%,1.6%,Mon,Africa/Lagos
16/06/2008,13:30,CAD,yellow,New Motor Vehicle Sales m/m,https://www.forexfactory.com/calendar?month=june.2008#detail=9096,-2.6%,0.0%,-1.6%,Mon,Africa/Lagos
16/06/2008,,USD,orange,Empire State Manufacturing Index,https://www.forexfactory.com/calendar?month=june.2008#detail=9097,-8.7,-1.5,-3.2,Mon,Africa/Lagos
16/06/2008,14:00,USD,red,TIC Long-Term Purchases,https://www.forexfactory.com/calendar?month=june.2008#detail=9098,115.1B,63.0B,79.6B,Mon,Africa/Lagos
16/06/2008,15:00,USD,red,Fed Chairman Bernanke Speaks,https://www.forexfactory.com/calendar?month=june.2008#detail=9243,,,,Mon,Africa/Lagos
16/06/2008,18:14,USD,yellow,NAHB Housing Market Index,https://www.forexfactory.com/calendar?month=june.2008#detail=9099,18,19,19,Mon,Africa/Lagos
17/06/2008,00:50,JPY,orange,Tertiary Industry Activity m/m,https://www.forexfactory.com/calendar?month=june.2008#detail=9100,1.8%,0.5%,0.0%,Tue,Africa/Lagos
17/06/2008,02:30,AUD,red,Monetary Policy Meeting Minutes,https://www.forexfactory.com/calendar?month=june.2008#detail=9251,,,,Tue,Africa/Lagos
17/06/2008,,AUD,yellow,Housing Starts q/q,https://www.forexfactory.com/calendar?month=june.2008#detail=9674,-3.3%,-0.7%,4.2%,Tue,Africa/Lagos
17/06/2008,03:00,CNY,orange,Fixed Asset Investment ytd/y,https://www.forexfactory.com/calendar?month=june.2008#detail=19742,25.6%,25.6%,25.7%,Tue,Africa/Lagos
17/06/2008,08:15,CHF,orange,Industrial Production q/q,https://www.forexfactory.com/calendar?month=june.2008#detail=9101,-9.3%,-5.1%,7.3%,Tue,Africa/Lagos
17/06/2008,09:00,EUR,yellow,Italian Trade Balance,https://www.forexfactory.com/calendar?month=june.2008#detail=9048,-1.00B,-1.01B,-0.54B,Tue,Africa/Lagos
17/06/2008,09:30,GBP,red,CPI y/y,https://www.forexfactory.com/calendar?month=june.2008#detail=8703,3.3%,3.2%,3.0%,Tue,Africa/Lagos
17/06/2008,,GBP,orange,Core CPI y/y,https://www.forexfactory.com/calendar?month=june.2008#detail=8704,1.5%,1.5%,1.4%,Tue,Africa/Lagos
17/06/2008,,GBP,yellow,RPI y/y,https://www.forexfactory.com/calendar?month=june.2008#detail=8702,4.3%,4.2%,4.2%,Tue,Africa/Lagos
17/06/2008,10:00,EUR,red,German ZEW Economic Sentiment,https://www.forexfactory.com/calendar?month=june.2008#detail=9102,-52.4,-42.4,-41.4,Tue,Africa/Lagos
17/06/2008,,EUR,orange,ZEW Economic Sentiment,https://www.forexfactory.com/calendar?month=june.2008#detail=9103,-52.7,-43.9,-43.6,Tue,Africa/Lagos
17/06/2008,,EUR,yellow,Trade Balance,https://www.forexfactory.com/calendar?month=june.2008#detail=9021,2.2B,-0.5B,-1.1B,Tue,Africa/Lagos
17/06/2008,10:30,GBP,red,BOE Inflation Letter,https://www.forexfactory.com/calendar?month=june.2008#detail=9303,,,,Tue,Africa/Lagos
17/06/2008,13:30,CAD,orange,Foreign Securities Purchases,https://www.forexfactory.com/calendar?month=june.2008#detail=9104,9.75B,4.03B,5.30B,Tue,Africa/Lagos
17/06/2008,,USD,red,Building Permits,https://www.forexfactory.com/calendar?month=june.2008#detail=9107,0.97M,0.96M,0.98M,Tue,Africa/Lagos
17/06/2008,,USD,red,PPI m/m,https://www.forexfactory.com/calendar?month=june.2008#detail=8688,1.4%,1.0%,0.2%,Tue,Africa/Lagos
17/06/2008,,USD,orange,Core PPI m/m,https://www.forexfactory.com/calendar?month=june.2008#detail=8689,0.2%,0.2%,0.4%,Tue,Africa/Lagos
17/06/2008,,USD,orange,Current Account,https://www.forexfactory.com/calendar?month=june.2008#detail=9105,-176B,-174B,-167B,Tue,Africa/Lagos
17/06/2008,,USD,orange,Housing Starts,https://www.forexfactory.com/calendar?month=june.2008#detail=9106,0.98M,0.99M,1.01M,Tue,Africa/Lagos
17/06/2008,14:15,USD,orange,Capacity Utilization Rate,https://www.forexfactory.com/calendar?month=june.2008#detail=9109,79.4%,79.7%,79.6%,Tue,Africa/Lagos
17/06/2008,,USD,orange,Industrial Production m/m,https://www.forexfactory.com/calendar?month=june.2008#detail=9108,-0.2%,0.1%,-0.7%,Tue,Africa/Lagos
18/06/2008,00:50,JPY,orange,Monetary Policy Meeting Minutes,https://www.forexfactory.com/calendar?month=june.2008#detail=9110,,,,Wed,Africa/Lagos
18/06/2008,01:30,AUD,yellow,MI Leading Index m/m,https://www.forexfactory.com/calendar?month=june.2008#detail=9111,0.4%,,0.1%,Wed,Africa/Lagos
18/06/2008,09:30,GBP,red,MPC Official Bank Rate Votes,https://www.forexfactory.com/calendar?month=june.2008#detail=9112,0-1-8,0-1-8,0-1-8,Wed,Africa/Lagos
18/06/2008,10:00,CHF,orange,UBS Economic Expectations,https://www.forexfactory.com/calendar?month=june.2008#detail=9113,-63.8,,-60.4,Wed,Africa/Lagos
18/06/2008,11:00,GBP,orange,CBI Industrial Order Expectations,https://www.forexfactory.com/calendar?month=june.2008#detail=9114,1,-12,-10,Wed,Africa/Lagos
18/06/2008,13:30,CAD,yellow,Leading Index m/m,https://www.forexfactory.com/calendar?month=june.2008#detail=9115,0.2%,0.2%,0.0%,Wed,Africa/Lagos
18/06/2008,15:35,USD,orange,Crude Oil Inventories,https://www.forexfactory.com/calendar?month=june.2008#detail=7884,-1.2M,-1.5M,-4.6M,Wed,Africa/Lagos
18/06/2008,19:30,GBP,red,BOE Gov King Speaks,https://www.forexfactory.com/calendar?month=june.2008#detail=9248,,,,Wed,Africa/Lagos
19/06/2008,00:50,JPY,yellow,All Industries Activity m/m,https://www.forexfactory.com/calendar?month=june.2008#detail=9116,0.8%,0.3%,0.3%,Thu,Africa/Lagos
19/06/2008,02:30,AUD,yellow,RBA Bulletin,https://www.forexfactory.com/calendar?month=june.2008#detail=9252,,,,Thu,Africa/Lagos
19/06/2008,07:15,CHF,yellow,Trade Balance,https://www.forexfactory.com/calendar?month=june.2008#detail=9070,1.87B,1.58B,1.53B,Thu,Africa/Lagos
19/06/2008,07:40,JPY,orange,BOJ Gov Shirakawa Speaks,https://www.forexfactory.com/calendar?month=june.2008#detail=9250,,,,Thu,Africa/Lagos
19/06/2008,08:30,CHF,red,Libor Rate,https://www.forexfactory.com/calendar?month=june.2008#detail=8088,2.75%,2.75%,2.75%,Thu,Africa/Lagos
19/06/2008,,CHF,red,SNB Monetary Policy Assessment,https://www.forexfactory.com/calendar?month=june.2008#detail=8089,,,,Thu,Africa/Lagos
19/06/2008,,CHF,red,SNB Press Conference,https://www.forexfactory.com/calendar?month=june.2008#detail=9340,,,,Thu,Africa/Lagos
19/06/2008,09:00,CHF,orange,SNB Financial Stability Report,https://www.forexfactory.com/calendar?month=june.2008#detail=9355,,,,Thu,Africa/Lagos
19/06/2008,09:30,GBP,red,Retail Sales m/m,https://www.forexfactory.com/calendar?month=june.2008#detail=8988,3.5%,-0.1%,-0.3%,Thu,Africa/Lagos
19/06/2008,,GBP,yellow,M4 Money Supply m/m,https://www.forexfactory.com/calendar?month=june.2008#detail=9119,0.4%,0.5%,0.5%,Thu,Africa/Lagos
19/06/2008,,GBP,yellow,Public Sector Net Borrowing,https://www.forexfactory.com/calendar?month=june.2008#detail=9118,11.0B,9.0B,1.8B,Thu,Africa/Lagos
19/06/2008,10:00,EUR,yellow,Italian Quarterly Unemployment Rate,https://www.forexfactory.com/calendar?month=june.2008#detail=8581,6.5%,6.0%,6.2%,Thu,Africa/Lagos
19/06/2008,10:30,EUR,yellow,Spanish 10-y Bond Auction,https://www.forexfactory.com/calendar?month=june.2008#detail=43316,4.83|1.6,,4.26|2.3,Thu,Africa/Lagos
19/06/2008,12:00,CAD,red,Core CPI m/m,https://www.forexfactory.com/calendar?month=june.2008#detail=8661,0.3%,0.3%,0.3%,Thu,Africa/Lagos
19/06/2008,,CAD,orange,CPI m/m,https://www.forexfactory.com/calendar?month=june.2008#detail=8660,1.0%,0.6%,0.8%,Thu,Africa/Lagos
19/06/2008,13:30,CAD,orange,Wholesale Sales m/m,https://www.forexfactory.com/calendar?month=june.2008#detail=9120,1.4%,0.8%,0.7%,Thu,Africa/Lagos
19/06/2008,,USD,red,Unemployment Claims,https://www.forexfactory.com/calendar?month=june.2008#detail=7920,381K,375K,386K,Thu,Africa/Lagos
19/06/2008,15:00,USD,orange,Philly Fed Manufacturing Index,https://www.forexfactory.com/calendar?month=june.2008#detail=9121,-17.1,-10.0,-15.6,Thu,Africa/Lagos
19/06/2008,,USD,yellow,CB Leading Index m/m,https://www.forexfactory.com/calendar?month=june.2008#detail=9122,0.1%,0.0%,0.1%,Thu,Africa/Lagos
19/06/2008,15:35,USD,yellow,Natural Gas Storage,https://www.forexfactory.com/calendar?month=june.2008#detail=8247,57B,61B,80B,Thu,Africa/Lagos
19/06/2008,17:45,USD,yellow,Treasury Sec Paulson Speaks,https://www.forexfactory.com/calendar?month=june.2008#detail=9339,,,,Thu,Africa/Lagos
19/06/2008,19:30,USD,red,FOMC Member Kohn Speaks,https://www.forexfactory.com/calendar?month=june.2008#detail=9244,,,,Thu,Africa/Lagos
19/06/2008,20:00,GBP,orange,MPC Member Gieve Speaks,https://www.forexfactory.com/calendar?month=june.2008#detail=9249,,,,Thu,Africa/Lagos
19/06/2008,23:45,NZD,yellow,Visitor Arrivals m/m,https://www.forexfactory.com/calendar?month=june.2008#detail=9123,9.4%,,-11.8%,Thu,Africa/Lagos
20/06/2008,03:45,CAD,orange,BOC Gov Carney Speaks,https://www.forexfactory.com/calendar?month=june.2008#detail=9246,,,,Fri,Africa/Lagos
20/06/2008,07:00,EUR,orange,German PPI m/m,https://www.forexfactory.com/calendar?month=june.2008#detail=8720,1.0%,0.9%,1.1%,Fri,Africa/Lagos
20/06/2008,08:15,CHF,orange,PPI m/m,https://www.forexfactory.com/calendar?month=june.2008#detail=8756,1.2%,0.9%,0.7%,Fri,Africa/Lagos
20/06/2008,13:30,CAD,red,Core Retail Sales m/m,https://www.forexfactory.com/calendar?month=june.2008#detail=8939,1.1%,0.5%,0.1%,Fri,Africa/Lagos
20/06/2008,,CAD,orange,Retail Sales m/m,https://www.forexfactory.com/calendar?month=june.2008#detail=8940,0.6%,0.6%,0.0%,Fri,Africa/Lagos
20/06/2008,17:45,EUR,orange,ECB President Trichet Speaks,https://www.forexfactory.com/calendar?month=june.2008#detail=9247,,,,Fri,Africa/Lagos
21/06/2008,15:30,CAD,yellow,BOC Financial System Review,https://www.forexfactory.com/calendar?month=june.2008#detail=58698,,,,Sat,Africa/Lagos
22/06/2008,All Day,All,orange,Jeddah Oil Summit,https://www.forexfactory.com/calendar?month=june.2008#detail=9369,,,,Sun,Africa/Lagos
23/06/2008,00:01,GBP,orange,Rightmove HPI m/m,https://www.forexfactory.com/calendar?month=june.2008#detail=9253,-1.2%,,1.2%,Mon,Africa/Lagos
23/06/2008,00:50,JPY,orange,BSI Manufacturing Index,https://www.forexfactory.com/calendar?month=june.2008#detail=9254,-15.1,-17.0,-12.9,Mon,Africa/Lagos
23/06/2008,02:30,AUD,yellow,New Motor Vehicle Sales m/m,https://www.forexfactory.com/calendar?month=june.2008#detail=9255,-1.6%,,-0.6%,Mon,Africa/Lagos
23/06/2008,04:04,NZD,yellow,Credit Card Spending y/y,https://www.forexfactory.com/calendar?month=june.2008#detail=9256,5.9%,,8.2%,Mon,Africa/Lagos
23/06/2008,06:45,CHF,orange,SECO Economic Forecasts,https://www.forexfactory.com/calendar?month=june.2008#detail=24983,,,,Mon,Africa/Lagos
23/06/2008,08:00,EUR,orange,French Flash Manufacturing PMI,https://www.forexfactory.com/calendar?month=june.2008#detail=10191,49.2,51.0,51.5,Mon,Africa/Lagos
23/06/2008,,EUR,yellow,French Flash Services PMI,https://www.forexfactory.com/calendar?month=june.2008#detail=10192,49.2,50.8,50.5,Mon,Africa/Lagos
23/06/2008,08:30,EUR,orange,German Flash Manufacturing PMI,https://www.forexfactory.com/calendar?month=june.2008#detail=9257,52.3,53.2,53.6,Mon,Africa/Lagos
23/06/2008,,EUR,yellow,German Flash Services PMI,https://www.forexfactory.com/calendar?month=june.2008#detail=9258,53.3,53.1,53.8,Mon,Africa/Lagos
23/06/2008,09:00,EUR,red,German ifo Business Climate,https://www.forexfactory.com/calendar?month=june.2008#detail=9259,101.3,102.5,103.5,Mon,Africa/Lagos
23/06/2008,,EUR,orange,Flash Manufacturing PMI,https://www.forexfactory.com/calendar?month=june.2008#detail=9261,49.1,50.2,50.5,Mon,Africa/Lagos
23/06/2008,,EUR,orange,Flash Services PMI,https://www.forexfactory.com/calendar?month=june.2008#detail=9262,49.5,50.5,50.6,Mon,Africa/Lagos
23/06/2008,11:00,EUR,orange,German Buba Monthly Report,https://www.forexfactory.com/calendar?month=june.2008#detail=50140,,,,Mon,Africa/Lagos
23/06/2008,14:00,EUR,orange,Belgian NBB Business Climate,https://www.forexfactory.com/calendar?month=june.2008#detail=10527,-5.9,-3.5,-1.6,Mon,Africa/Lagos
23/06/2008,21:05,CAD,orange,Gov Council Member Kennedy Speaks,https://www.forexfactory.com/calendar?month=june.2008#detail=9305,,,,Mon,Africa/Lagos
24/06/2008,07:00,EUR,orange,German GfK Consumer Climate,https://www.forexfactory.com/calendar?month=june.2008#detail=9277,3.9,4.6,4.7,Tue,Africa/Lagos
24/06/2008,07:45,EUR,orange,French Consumer Spending m/m,https://www.forexfactory.com/calendar?month=june.2008#detail=9263,2.0%,0.6%,-0.9%,Tue,Africa/Lagos
24/06/2008,09:00,CHF,orange,UBS Consumption Indicator,https://www.forexfactory.com/calendar?month=june.2008#detail=9264,1.91,,2.16,Tue,Africa/Lagos
24/06/2008,09:30,GBP,orange,High Street Lending,https://www.forexfactory.com/calendar?month=june.2008#detail=9265,28.0K,,34.8K,Tue,Africa/Lagos
24/06/2008,14:00,USD,yellow,S&P/CS Composite-20 HPI y/y,https://www.forexfactory.com/calendar?month=june.2008#detail=9266,-15.3%,-16.0%,-14.3%,Tue,Africa/Lagos
24/06/2008,15:00,USD,red,CB Consumer Confidence,https://www.forexfactory.com/calendar?month=june.2008#detail=9267,50.4,56.4,58.1,Tue,Africa/Lagos
24/06/2008,,USD,yellow,HPI m/m,https://www.forexfactory.com/calendar?month=june.2008#detail=9269,-0.8%,-0.5%,-0.6%,Tue,Africa/Lagos
24/06/2008,,USD,yellow,Richmond Manufacturing Index,https://www.forexfactory.com/calendar?month=june.2008#detail=9268,-12,-5,-3,Tue,Africa/Lagos
25/06/2008,00:50,JPY,yellow,SPPI y/y,https://www.forexfactory.com/calendar?month=june.2008#detail=9270,0.6%,0.5%,0.5%,Wed,Africa/Lagos
25/06/2008,,JPY,yellow,Trade Balance,https://www.forexfactory.com/calendar?month=june.2008#detail=9071,0.64T,0.41T,0.64T,Wed,Africa/Lagos
25/06/2008,03:00,NZD,yellow,Westpac Consumer Sentiment,https://www.forexfactory.com/calendar?month=june.2008#detail=11070,81.7,,96.5,Wed,Africa/Lagos
25/06/2008,09:00,EUR,yellow,Italian Retail Sales m/m,https://www.forexfactory.com/calendar?month=june.2008#detail=8953,0.0%,0.3%,-0.6%,Wed,Africa/Lagos
25/06/2008,09:30,EUR,red,ECB President Trichet Speaks,https://www.forexfactory.com/calendar?month=june.2008#detail=9373,,,,Wed,Africa/Lagos
25/06/2008,10:00,EUR,orange,Industrial New Orders m/m,https://www.forexfactory.com/calendar?month=june.2008#detail=9493,2.5%,-0.5%,-1.2%,Wed,Africa/Lagos
25/06/2008,11:00,GBP,red,CBI Realized Sales,https://www.forexfactory.com/calendar?month=june.2008#detail=9273,-9,-17,-14,Wed,Africa/Lagos
25/06/2008,13:30,USD,red,Core Durable Goods Orders m/m,https://www.forexfactory.com/calendar?month=june.2008#detail=9275,-0.9%,-0.9%,1.9%,Wed,Africa/Lagos
25/06/2008,,USD,orange,Durable Goods Orders m/m,https://www.forexfactory.com/calendar?month=june.2008#detail=9274,0.0%,0.0%,-1.0%,Wed,Africa/Lagos
25/06/2008,15:00,USD,red,New Home Sales,https://www.forexfactory.com/calendar?month=june.2008#detail=9276,512K,515K,525K,Wed,Africa/Lagos
25/06/2008,15:35,USD,yellow,Crude Oil Inventories,https://www.forexfactory.com/calendar?month=june.2008#detail=7885,0.8M,-0.1M,-1.2M,Wed,Africa/Lagos
25/06/2008,16:00,EUR,orange,German Buba President Weber Speaks,https://www.forexfactory.com/calendar?month=june.2008#detail=19994,,,,Wed,Africa/Lagos
25/06/2008,19:09,USD,red,Federal Funds Rate,https://www.forexfactory.com/calendar?month=june.2008#detail=7781,2.00%,2.00%,2.00%,Wed,Africa/Lagos
25/06/2008,,USD,red,FOMC Statement,https://www.forexfactory.com/calendar?month=june.2008#detail=7818,,,,Wed,Africa/Lagos
25/06/2008,23:45,NZD,red,Current Account,https://www.forexfactory.com/calendar?month=june.2008#detail=9278,-2.16B,-1.72B,-3.41B,Wed,Africa/Lagos
26/06/2008,01:00,AUD,yellow,CB Leading Index m/m,https://www.forexfactory.com/calendar?month=june.2008#detail=9279,0.3%,,-0.4%,Thu,Africa/Lagos
26/06/2008,07:00,EUR,yellow,German Import Prices m/m,https://www.forexfactory.com/calendar?month=june.2008#detail=9117,2.4%,1.5%,0.9%,Thu,Africa/Lagos
26/06/2008,09:00,EUR,yellow,M3 Money Supply y/y,https://www.forexfactory.com/calendar?month=june.2008#detail=9376,10.5%,10.4%,10.5%,Thu,Africa/Lagos
26/06/2008,,EUR,yellow,Private Loans y/y,https://www.forexfactory.com/calendar?month=june.2008#detail=11255,10.4%,10.3%,10.6%,Thu,Africa/Lagos
26/06/2008,09:34,GBP,yellow,Revised Business Investment q/q,https://www.forexfactory.com/calendar?month=june.2008#detail=9280,-1.8%,-1.4%,-1.4%,Thu,Africa/Lagos
26/06/2008,09:45,GBP,red,Monetary Policy Report Hearings,https://www.forexfactory.com/calendar?month=june.2008#detail=9375,,,,Thu,Africa/Lagos
26/06/2008,13:30,USD,orange,Final GDP q/q,https://www.forexfactory.com/calendar?month=june.2008#detail=8330,1.0%,1.0%,0.9%,Thu,Africa/Lagos
26/06/2008,,USD,orange,Unemployment Claims,https://www.forexfactory.com/calendar?month=june.2008#detail=7921,384K,375K,384K,Thu,Africa/Lagos
26/06/2008,,USD,yellow,Final GDP Price Index q/q,https://www.forexfactory.com/calendar?month=june.2008#detail=8367,2.7%,2.6%,2.6%,Thu,Africa/Lagos
26/06/2008,15:00,USD,red,Existing Home Sales,https://www.forexfactory.com/calendar?month=june.2008#detail=9281,4.99M,4.96M,4.89M,Thu,Africa/Lagos
26/06/2008,15:35,USD,yellow,Natural Gas Storage,https://www.forexfactory.com/calendar?month=june.2008#detail=8248,90B,90B,57B,Thu,Africa/Lagos
26/06/2008,23:45,NZD,red,GDP q/q,https://www.forexfactory.com/calendar?month=june.2008#detail=8338,-0.3%,-0.3%,0.8%,Thu,Africa/Lagos
26/06/2008,,NZD,red,Trade Balance,https://www.forexfactory.com/calendar?month=june.2008#detail=9042,-196M,153M,-296M,Thu,Africa/Lagos
27/06/2008,00:30,JPY,orange,Tokyo Core CPI y/y,https://www.forexfactory.com/calendar?month=june.2008#detail=9283,1.3%,1.1%,0.9%,Fri,Africa/Lagos
27/06/2008,,JPY,yellow,Household Spending y/y,https://www.forexfactory.com/calendar?month=june.2008#detail=9282,-3.2%,-2.0%,-2.7%,Fri,Africa/Lagos
27/06/2008,,JPY,yellow,National Core CPI y/y,https://www.forexfactory.com/calendar?month=june.2008#detail=9284,1.5%,1.3%,0.9%,Fri,Africa/Lagos
27/06/2008,,JPY,yellow,Unemployment Rate,https://www.forexfactory.com/calendar?month=june.2008#detail=8543,4.0%,4.0%,4.0%,Fri,Africa/Lagos
27/06/2008,00:50,JPY,orange,Prelim Industrial Production m/m,https://www.forexfactory.com/calendar?month=june.2008#detail=9285,2.9%,2.5%,-0.2%,Fri,Africa/Lagos
27/06/2008,,JPY,orange,Retail Sales y/y,https://www.forexfactory.com/calendar?month=june.2008#detail=8995,0.2%,-0.1%,0.1%,Fri,Africa/Lagos
27/06/2008,05:30,AUD,orange,RBA Deputy Gov Debelle Speaks,https://www.forexfactory.com/calendar?month=june.2008#detail=10371,,,,Fri,Africa/Lagos
27/06/2008,All Day,EUR,orange,German Prelim CPI m/m,https://www.forexfactory.com/calendar?month=june.2008#detail=9271,0.3%,0.3%,0.6%,Fri,Africa/Lagos
27/06/2008,09:00,EUR,yellow,Current Account,https://www.forexfactory.com/calendar?month=june.2008#detail=9378,-0.3B,-5.0B,-13.2B,Fri,Africa/Lagos
27/06/2008,,EUR,yellow,Retail PMI,https://www.forexfactory.com/calendar?month=june.2008#detail=43593,44.0,,53.1,Fri,Africa/Lagos
27/06/2008,09:30,GBP,red,Current Account,https://www.forexfactory.com/calendar?month=june.2008#detail=9286,-8.4B,-12.0B,-12.2B,Fri,Africa/Lagos
27/06/2008,,GBP,yellow,Final GDP q/q,https://www.forexfactory.com/calendar?month=june.2008#detail=8362,0.3%,0.4%,0.4%,Fri,Africa/Lagos
27/06/2008,10:00,EUR,yellow,Consumer Confidence,https://www.forexfactory.com/calendar?month=june.2008#detail=9377,-17,-16,-15,Fri,Africa/Lagos
27/06/2008,10:13,EUR,yellow,Italian 10-y Bond Auction,https://www.forexfactory.com/calendar?month=june.2008#detail=43370,5.08|1.5,,4.86|1.4,Fri,Africa/Lagos
27/06/2008,10:30,CHF,orange,KOF Economic Barometer,https://www.forexfactory.com/calendar?month=june.2008#detail=9287,1.01,1.00,1.08,Fri,Africa/Lagos
27/06/2008,13:30,CAD,orange,RMPI m/m,https://www.forexfactory.com/calendar?month=june.2008#detail=8764,3.1%,5.1%,5.0%,Fri,Africa/Lagos
27/06/2008,,CAD,yellow,IPPI m/m,https://www.forexfactory.com/calendar?month=june.2008#detail=8763,0.6%,1.2%,1.6%,Fri,Africa/Lagos
27/06/2008,,USD,orange,Core PCE Price Index m/m,https://www.forexfactory.com/calendar?month=june.2008#detail=8659,0.1%,0.2%,0.1%,Fri,Africa/Lagos
27/06/2008,,USD,orange,Personal Spending m/m,https://www.forexfactory.com/calendar?month=june.2008#detail=9289,0.8%,0.7%,0.4%,Fri,Africa/Lagos
27/06/2008,,USD,yellow,Personal Income m/m,https://www.forexfactory.com/calendar?month=june.2008#detail=9290,1.9%,0.3%,0.3%,Fri,Africa/Lagos
27/06/2008,14:55,USD,orange,Revised UoM Consumer Sentiment,https://www.forexfactory.com/calendar?month=june.2008#detail=8419,56.4,56.8,56.7,Fri,Africa/Lagos
27/06/2008,,USD,yellow,Revised UoM Inflation Expectations,https://www.forexfactory.com/calendar?month=june.2008#detail=9986,5.1%,,5.1%,Fri,Africa/Lagos
27/06/2008,17:30,EUR,orange,ECB President Trichet Speaks,https://www.forexfactory.com/calendar?month=june.2008#detail=9374,,,,Fri,Africa/Lagos
29/06/2008,23:45,NZD,red,Building Consents m/m,https://www.forexfactory.com/calendar?month=june.2008#detail=9398,-42.3%,,83.0%,Sun,Africa/Lagos
30/06/2008,00:01,GBP,orange,GfK Consumer Confidence,https://www.forexfactory.com/calendar?month=june.2008#detail=9399,-34,-31,-29,Mon,Africa/Lagos
30/06/2008,00:15,JPY,yellow,Final Manufacturing PMI,https://www.forexfactory.com/calendar?month=june.2008#detail=9400,46.5,,47.7,Mon,Africa/Lagos
30/06/2008,01:30,AUD,yellow,MI Inflation Gauge m/m,https://www.forexfactory.com/calendar?month=june.2008#detail=9401,0.5%,,0.3%,Mon,Africa/Lagos
30/06/2008,02:30,AUD,orange,Private Sector Credit m/m,https://www.forexfactory.com/calendar?month=june.2008#detail=9402,0.6%,0.6%,0.4%,Mon,Africa/Lagos
30/06/2008,03:00,NZD,orange,RBNZ Statement of Intent,https://www.forexfactory.com/calendar?month=june.2008#detail=121898,,,,Mon,Africa/Lagos
30/06/2008,04:00,NZD,red,ANZ Business Confidence,https://www.forexfactory.com/calendar?month=june.2008#detail=9403,-38.7,,-49.7,Mon,Africa/Lagos
30/06/2008,06:00,JPY,yellow,Housing Starts y/y,https://www.forexfactory.com/calendar?month=june.2008#detail=9557,-6.5%,-3.7%,-8.7%,Mon,Africa/Lagos
30/06/2008,09:30,GBP,yellow,Index of Services 3m/3m,https://www.forexfactory.com/calendar?month=june.2008#detail=9406,0.3%,0.3%,0.3%,Mon,Africa/Lagos
30/06/2008,,GBP,yellow,Mortgage Approvals,https://www.forexfactory.com/calendar?month=june.2008#detail=9405,42K,52K,58K,Mon,Africa/Lagos
30/06/2008,,GBP,yellow,Net Lending to Individuals m/m,https://www.forexfactory.com/calendar?month=june.2008#detail=9404,5.4B,7.0B,7.3B,Mon,Africa/Lagos
30/06/2008,10:00,EUR,orange,CPI Flash Estimate y/y,https://www.forexfactory.com/calendar?month=june.2008#detail=9408,4.0%,3.9%,3.7%,Mon,Africa/Lagos
30/06/2008,,EUR,yellow,Italian Prelim CPI m/m,https://www.forexfactory.com/calendar?month=june.2008#detail=9407,0.4%,0.3%,0.5%,Mon,Africa/Lagos
30/06/2008,13:30,CAD,red,GDP m/m,https://www.forexfactory.com/calendar?month=june.2008#detail=8345,0.4%,0.3%,-0.2%,Mon,Africa/Lagos
30/06/2008,14:45,USD,orange,Chicago PMI,https://www.forexfactory.com/calendar?month=june.2008#detail=9409,49.6,48.2,49.1,Mon,Africa/Lagos
