date,time,currency,impact,event,detail,actual,forecast,previous,day
01/03/2019,00:30,JPY,yellow,Tokyo Core CPI y/y,https://www.forexfactory.com/calendar?month=march.2019#detail=107148,1.1%,1.0%,1.1%,Fri
01/03/2019,,JPY,yellow,Unemployment Rate,https://www.forexfactory.com/calendar?month=march.2019#detail=106691,2.5%,2.4%,2.4%,Fri
01/03/2019,00:50,JPY,yellow,Capital Spending q/y,https://www.forexfactory.com/calendar?month=march.2019#detail=106724,5.7%,4.5%,4.5%,Fri
01/03/2019,01:30,JPY,yellow,Final Manufacturing PMI,https://www.forexfactory.com/calendar?month=march.2019#detail=106973,48.9,48.5,48.5,Fri
01/03/2019,02:15,USD,red,Fed Chair Powell Speaks,https://www.forexfactory.com/calendar?month=march.2019#detail=109114,,,,Fri
01/03/2019,02:45,CNY,red,RatingDog Manufacturing PMI,https://www.forexfactory.com/calendar?month=march.2019#detail=107922,49.9,48.5,48.3,Fri
01/03/2019,06:02,JPY,yellow,Consumer Confidence,https://www.forexfactory.com/calendar?month=march.2019#detail=106685,41.5,41.6,41.9,Fri
01/03/2019,06:30,AUD,yellow,Commodity Prices y/y,https://www.forexfactory.com/calendar?month=march.2019#detail=104231,9.1%,,6.5%,Fri
01/03/2019,08:00,EUR,yellow,German Retail Sales m/m,https://www.forexfactory.com/calendar?month=march.2019#detail=106299,3.3%,1.9%,-3.1%,Fri
01/03/2019,08:30,CHF,yellow,Retail Sales y/y,https://www.forexfactory.com/calendar?month=march.2019#detail=105119,-0.4%,0.3%,-0.2%,Fri
01/03/2019,08:45,EUR,yellow,French Gov Budget Balance,https://www.forexfactory.com/calendar?month=march.2019#detail=101033,-17.3B,,-76.1B,Fri
01/03/2019,09:15,EUR,yellow,Spanish Manufacturing PMI,https://www.forexfactory.com/calendar?month=march.2019#detail=100294,49.9,51.8,52.4,Fri
01/03/2019,09:30,CHF,yellow,Manufacturing PMI,https://www.forexfactory.com/calendar?month=march.2019#detail=104886,55.4,53.5,54.3,Fri
01/03/2019,09:45,EUR,yellow,Italian Manufacturing PMI,https://www.forexfactory.com/calendar?month=march.2019#detail=100296,47.7,47.1,47.8,Fri
01/03/2019,09:50,EUR,yellow,French Final Manufacturing PMI,https://www.forexfactory.com/calendar?month=march.2019#detail=100289,51.5,51.4,51.4,Fri
01/03/2019,09:55,EUR,yellow,German Final Manufacturing PMI,https://www.forexfactory.com/calendar?month=march.2019#detail=100290,47.6,47.6,47.6,Fri
01/03/2019,,EUR,yellow,German Unemployment Change,https://www.forexfactory.com/calendar?month=march.2019#detail=106296,-21K,-5K,-4K,Fri
01/03/2019,10:00,EUR,yellow,Final Manufacturing PMI,https://www.forexfactory.com/calendar?month=march.2019#detail=100292,49.3,49.2,49.2,Fri
01/03/2019,,EUR,yellow,Italian Monthly Unemployment Rate,https://www.forexfactory.com/calendar?month=march.2019#detail=100842,10.5%,10.4%,10.4%,Fri
01/03/2019,10:30,GBP,orange,Final Manufacturing PMI,https://www.forexfactory.com/calendar?month=march.2019#detail=100297,52.0,52.0,52.6,Fri
01/03/2019,,GBP,orange,Net Lending to Individuals m/m,https://www.forexfactory.com/calendar?month=march.2019#detail=101837,4.8B,4.7B,4.6B,Fri
01/03/2019,,GBP,yellow,M4 Money Supply m/m,https://www.forexfactory.com/calendar?month=march.2019#detail=101831,0.2%,0.3%,0.5%,Fri
01/03/2019,,GBP,yellow,Mortgage Approvals,https://www.forexfactory.com/calendar?month=march.2019#detail=101834,67K,63K,64K,Fri
01/03/2019,11:00,EUR,orange,Core CPI Flash Estimate y/y,https://www.forexfactory.com/calendar?month=march.2019#detail=103155,1.0%,1.1%,1.1%,Fri
01/03/2019,,EUR,orange,CPI Flash Estimate y/y,https://www.forexfactory.com/calendar?month=march.2019#detail=103156,1.5%,1.5%,1.4%,Fri
01/03/2019,,EUR,yellow,Unemployment Rate,https://www.forexfactory.com/calendar?month=march.2019#detail=103154,7.8%,7.9%,7.8%,Fri
01/03/2019,Dec Data,USD,yellow,Personal Income m/m,https://www.forexfactory.com/calendar?month=march.2019#detail=102533,1.0%,0.5%,0.3%,Fri
01/03/2019,14:30,CAD,red,GDP m/m,https://www.forexfactory.com/calendar?month=march.2019#detail=108581,-0.1%,0.0%,-0.1%,Fri
01/03/2019,,USD,orange,Core PCE Price Index m/m,https://www.forexfactory.com/calendar?month=march.2019#detail=102536,0.2%,0.2%,0.2%,Fri
01/03/2019,,USD,orange,Personal Spending m/m,https://www.forexfactory.com/calendar?month=march.2019#detail=102531,-0.5%,-0.2%,0.6%,Fri
01/03/2019,,USD,yellow,Personal Income m/m,https://www.forexfactory.com/calendar?month=march.2019#detail=102542,-0.1%,0.3%,1.0%,Fri
01/03/2019,15:30,CAD,yellow,Manufacturing PMI,https://www.forexfactory.com/calendar?month=march.2019#detail=105377,52.6,,53.0,Fri
01/03/2019,15:45,USD,yellow,Final Manufacturing PMI,https://www.forexfactory.com/calendar?month=march.2019#detail=100293,53.0,53.7,53.7,Fri
01/03/2019,16:00,USD,red,ISM Manufacturing PMI,https://www.forexfactory.com/calendar?month=march.2019#detail=102141,54.2,55.6,56.6,Fri
01/03/2019,,USD,orange,Revised UoM Consumer Sentiment,https://www.forexfactory.com/calendar?month=march.2019#detail=101631,93.8,95.8,95.5,Fri
01/03/2019,,USD,yellow,ISM Manufacturing Prices,https://www.forexfactory.com/calendar?month=march.2019#detail=102174,49.4,51.6,49.6,Fri
01/03/2019,,USD,yellow,Revised UoM Inflation Expectations,https://www.forexfactory.com/calendar?month=march.2019#detail=101634,2.6%,,2.5%,Fri
01/03/2019,All Day,USD,yellow,Total Vehicle Sales,https://www.forexfactory.com/calendar?month=march.2019#detail=102997,16.6M,16.8M,16.7M,Fri
01/03/2019,All Day,USD,yellow,Wards Total Vehicle Sales,https://www.forexfactory.com/calendar?month=march.2019#detail=110352,16.6M,16.8M,16.6M,Fri
04/03/2019,00:46,AUD,yellow,ANZ Job Advertisements m/m,https://www.forexfactory.com/calendar?month=march.2019#detail=104049,-0.9%,,-1.8%,Mon
04/03/2019,00:50,JPY,yellow,Monetary Base y/y,https://www.forexfactory.com/calendar?month=march.2019#detail=106663,4.6%,4.5%,4.7%,Mon
04/03/2019,01:00,AUD,yellow,MI Inflation Gauge m/m,https://www.forexfactory.com/calendar?month=march.2019#detail=104258,0.1%,,-0.1%,Mon
04/03/2019,01:30,AUD,red,Building Approvals m/m,https://www.forexfactory.com/calendar?month=march.2019#detail=104284,2.5%,1.5%,-8.1%,Mon
04/03/2019,,AUD,orange,Company Operating Profits q/q,https://www.forexfactory.com/calendar?month=march.2019#detail=104117,0.8%,3.1%,1.2%,Mon
04/03/2019,09:00,EUR,yellow,Spanish Unemployment Change,https://www.forexfactory.com/calendar?month=march.2019#detail=100747,3.3K,5.0K,83.5K,Mon
04/03/2019,10:30,EUR,yellow,Sentix Investor Confidence,https://www.forexfactory.com/calendar?month=march.2019#detail=103081,-2.2,-3.1,-3.7,Mon
04/03/2019,,GBP,yellow,Construction PMI,https://www.forexfactory.com/calendar?month=march.2019#detail=103576,49.5,50.5,50.6,Mon
04/03/2019,11:00,EUR,yellow,PPI m/m,https://www.forexfactory.com/calendar?month=march.2019#detail=103159,0.4%,0.4%,-0.8%,Mon
04/03/2019,15:35,AUD,yellow,HIA New Home Sales m/m,https://www.forexfactory.com/calendar?month=march.2019#detail=104334,-1.8%,,-6.7%,Mon
04/03/2019,16:00,USD,yellow,Construction Spending m/m,https://www.forexfactory.com/calendar?month=march.2019#detail=102700,-0.6%,0.2%,0.8%,Mon
04/03/2019,22:30,AUD,yellow,AIG Services Index,https://www.forexfactory.com/calendar?month=march.2019#detail=103839,44.5,,44.3,Mon
05/03/2019,01:00,NZD,yellow,ANZ Commodity Prices m/m,https://www.forexfactory.com/calendar?month=march.2019#detail=104749,2.8%,,2.0%,Tue
05/03/2019,01:01,GBP,yellow,BRC Retail Sales Monitor y/y,https://www.forexfactory.com/calendar?month=march.2019#detail=105657,-0.1%,0.1%,1.8%,Tue
05/03/2019,01:30,AUD,orange,Current Account,https://www.forexfactory.com/calendar?month=march.2019#detail=104420,-7.2B,-9.3B,-10.8B,Tue
05/03/2019,02:45,CNY,yellow,RatingDog Services PMI,https://www.forexfactory.com/calendar?month=march.2019#detail=107923,51.1,53.5,53.6,Tue
05/03/2019,04:30,AUD,red,RBA Rate Statement,https://www.forexfactory.com/calendar?month=march.2019#detail=103910,,,,Tue
05/03/2019,,AUD,orange,Cash Rate,https://www.forexfactory.com/calendar?month=march.2019#detail=103909,1.50%,1.50%,1.50%,Tue
05/03/2019,04:35,JPY,yellow,10-y Bond Auction,https://www.forexfactory.com/calendar?month=march.2019#detail=107083,0.00|4.3,,-0.01|4.8,Tue
05/03/2019,08:30,CHF,yellow,CPI m/m,https://www.forexfactory.com/calendar?month=march.2019#detail=105038,0.4%,0.4%,-0.3%,Tue
05/03/2019,09:15,EUR,yellow,Spanish Services PMI,https://www.forexfactory.com/calendar?month=march.2019#detail=100430,54.5,54.2,54.7,Tue
05/03/2019,09:45,EUR,yellow,Italian Services PMI,https://www.forexfactory.com/calendar?month=march.2019#detail=100433,50.4,49.5,49.7,Tue
05/03/2019,09:50,EUR,yellow,French Final Services PMI,https://www.forexfactory.com/calendar?month=march.2019#detail=100427,50.2,49.8,49.8,Tue
05/03/2019,09:55,EUR,yellow,German Final Services PMI,https://www.forexfactory.com/calendar?month=march.2019#detail=100425,55.3,55.1,55.1,Tue
05/03/2019,10:00,CHF,yellow,Gov Board Member Zurbrugg Speaks,https://www.forexfactory.com/calendar?month=march.2019#detail=109287,,,,Tue
05/03/2019,,EUR,yellow,Final Services PMI,https://www.forexfactory.com/calendar?month=march.2019#detail=100422,52.8,52.3,52.3,Tue
05/03/2019,10:30,GBP,orange,Final Services PMI,https://www.forexfactory.com/calendar?month=march.2019#detail=100434,51.3,50.0,50.1,Tue
05/03/2019,,GBP,yellow,FPC Meeting Minutes,https://www.forexfactory.com/calendar?month=march.2019#detail=103719,,,,Tue
05/03/2019,,GBP,yellow,FPC Statement,https://www.forexfactory.com/calendar?month=march.2019#detail=103716,,,,Tue
05/03/2019,11:00,EUR,yellow,Retail Sales m/m,https://www.forexfactory.com/calendar?month=march.2019#detail=103160,1.3%,1.3%,-1.4%,Tue
05/03/2019,13:30,USD,orange,FOMC Member Rosengren Speaks,https://www.forexfactory.com/calendar?month=march.2019#detail=109284,,,,Tue
05/03/2019,15:45,USD,yellow,Final Services PMI,https://www.forexfactory.com/calendar?month=march.2019#detail=100437,56.0,56.2,56.2,Tue
05/03/2019,16:00,USD,orange,ISM Services PMI,https://www.forexfactory.com/calendar?month=march.2019#detail=105756,59.7,57.4,56.7,Tue
05/03/2019,,USD,yellow,New Home Sales,https://www.forexfactory.com/calendar?month=march.2019#detail=102917,621K,597K,599K,Tue
05/03/2019,16:01,USD,yellow,RCM/TIPP Economic Optimism,https://www.forexfactory.com/calendar?month=march.2019#detail=101993,55.7,51.2,50.3,Tue
05/03/2019,16:35,GBP,red,BOE Gov Carney Speaks,https://www.forexfactory.com/calendar?month=march.2019#detail=109132,,,,Tue
05/03/2019,18:21,NZD,yellow,GDT Price Index,https://www.forexfactory.com/calendar?month=march.2019#detail=104771,3.3%,,0.9%,Tue
05/03/2019,20:00,USD,yellow,Federal Budget Balance,https://www.forexfactory.com/calendar?month=march.2019#detail=109119,8.7B,17.3B,-13.5B,Tue
05/03/2019,22:30,USD,yellow,API Weekly Statistical Bulletin,https://www.forexfactory.com/calendar?month=march.2019#detail=100168,,,,Tue
05/03/2019,23:10,AUD,red,RBA Gov Lowe Speaks,https://www.forexfactory.com/calendar?month=march.2019#detail=109125,,,,Tue
06/03/2019,01:30,AUD,red,GDP q/q,https://www.forexfactory.com/calendar?month=march.2019#detail=104410,0.2%,0.5%,0.3%,Wed
06/03/2019,13:15,GBP,orange,MPC Member Cunliffe Speaks,https://www.forexfactory.com/calendar?month=march.2019#detail=109126,,,,Wed
06/03/2019,14:15,USD,orange,ADP Non-Farm Employment Change,https://www.forexfactory.com/calendar?month=march.2019#detail=102500,183K,190K,300K,Wed
06/03/2019,14:30,CAD,red,Trade Balance,https://www.forexfactory.com/calendar?month=march.2019#detail=108556,-4.6B,-2.4B,-2.0B,Wed
06/03/2019,,CAD,yellow,Labor Productivity q/q,https://www.forexfactory.com/calendar?month=march.2019#detail=108582,-0.4%,-0.2%,0.2%,Wed
06/03/2019,,USD,yellow,Trade Balance,https://www.forexfactory.com/calendar?month=march.2019#detail=102539,-59.8B,-57.8B,-50.3B,Wed
06/03/2019,16:00,CAD,red,BOC Rate Statement,https://www.forexfactory.com/calendar?month=march.2019#detail=105469,,,,Wed
06/03/2019,,CAD,red,Overnight Rate,https://www.forexfactory.com/calendar?month=march.2019#detail=105472,1.75%,1.75%,1.75%,Wed
06/03/2019,,CAD,orange,Ivey PMI,https://www.forexfactory.com/calendar?month=march.2019#detail=105353,50.6,55.1,54.7,Wed
06/03/2019,16:30,USD,yellow,Crude Oil Inventories,https://www.forexfactory.com/calendar?month=march.2019#detail=99910,7.1M,1.2M,-8.6M,Wed
06/03/2019,18:00,USD,orange,FOMC Member Williams Speaks,https://www.forexfactory.com/calendar?month=march.2019#detail=109136,,,,Wed
06/03/2019,18:30,GBP,orange,MPC Member Saunders Speaks,https://www.forexfactory.com/calendar?month=march.2019#detail=109128,,,,Wed
06/03/2019,20:00,USD,yellow,Beige Book,https://www.forexfactory.com/calendar?month=march.2019#detail=101716,,,,Wed
06/03/2019,22:30,AUD,yellow,AIG Construction Index,https://www.forexfactory.com/calendar?month=march.2019#detail=103842,43.8,,43.1,Wed
07/03/2019,01:30,AUD,red,Retail Sales m/m,https://www.forexfactory.com/calendar?month=march.2019#detail=104158,0.1%,0.3%,-0.4%,Thu
07/03/2019,,AUD,orange,Goods Trade Balance,https://www.forexfactory.com/calendar?month=march.2019#detail=104184,4.55B,2.85B,3.77B,Thu
07/03/2019,04:35,JPY,yellow,30-y Bond Auction,https://www.forexfactory.com/calendar?month=march.2019#detail=107084,0.62|4.6,,0.59|4.7,Thu
07/03/2019,06:00,JPY,yellow,Leading Indicators,https://www.forexfactory.com/calendar?month=march.2019#detail=106761,95.9%,96.2%,97.5%,Thu
07/03/2019,07:45,CHF,yellow,Unemployment Rate,https://www.forexfactory.com/calendar?month=march.2019#detail=105015,2.4%,2.4%,2.4%,Thu
07/03/2019,09:00,CHF,yellow,Foreign Currency Reserves,https://www.forexfactory.com/calendar?month=march.2019#detail=104922,739B,,742B,Thu
07/03/2019,09:30,GBP,yellow,Halifax HPI m/m,https://www.forexfactory.com/calendar?month=march.2019#detail=105515,5.9%,0.1%,-3.0%,Thu
07/03/2019,10:00,EUR,yellow,Italian Retail Sales m/m,https://www.forexfactory.com/calendar?month=march.2019#detail=100936,0.5%,0.3%,-0.6%,Thu
07/03/2019,,GBP,orange,MPC Member Tenreyro Speaks,https://www.forexfactory.com/calendar?month=march.2019#detail=109129,,,,Thu
07/03/2019,10:50,EUR,yellow,Spanish 10-y Bond Auction,https://www.forexfactory.com/calendar?month=march.2019#detail=100711,1.22|1.1,,1.29|1.2,Thu
07/03/2019,10:58,EUR,yellow,French 10-y Bond Auction,https://www.forexfactory.com/calendar?month=march.2019#detail=101003,0.57|1.9,,0.57|2.2,Thu
07/03/2019,11:00,EUR,yellow,Final Employment Change q/q,https://www.forexfactory.com/calendar?month=march.2019#detail=103364,0.3%,0.3%,0.3%,Thu
07/03/2019,,EUR,yellow,Revised GDP q/q,https://www.forexfactory.com/calendar?month=march.2019#detail=103161,0.2%,0.2%,0.2%,Thu
07/03/2019,13:30,USD,yellow,Challenger Job Cuts y/y,https://www.forexfactory.com/calendar?month=march.2019#detail=102477,117.2%,,18.7%,Thu
07/03/2019,13:45,EUR,red,Main Refinancing Rate,https://www.forexfactory.com/calendar?month=march.2019#detail=103372,0.00%,0.00%,0.00%,Thu
07/03/2019,,EUR,red,Monetary Policy Statement,https://www.forexfactory.com/calendar?month=march.2019#detail=109189,,,,Thu
07/03/2019,14:30,CAD,yellow,Building Permits m/m,https://www.forexfactory.com/calendar?month=march.2019#detail=108583,-5.5%,-4.8%,6.4%,Thu
07/03/2019,,EUR,red,ECB Press Conference,https://www.forexfactory.com/calendar?month=march.2019#detail=103373,,,,Thu
07/03/2019,,USD,yellow,Revised Nonfarm Productivity q/q,https://www.forexfactory.com/calendar?month=march.2019#detail=109290,1.9%,1.5%,2.3%,Thu
07/03/2019,,USD,yellow,Revised Unit Labor Costs q/q,https://www.forexfactory.com/calendar?month=march.2019#detail=109292,2.0%,1.7%,0.9%,Thu
07/03/2019,,USD,yellow,Unemployment Claims,https://www.forexfactory.com/calendar?month=march.2019#detail=99690,223K,225K,226K,Thu
07/03/2019,16:30,USD,yellow,Natural Gas Storage,https://www.forexfactory.com/calendar?month=march.2019#detail=99692,-149B,-141B,-166B,Thu
07/03/2019,18:15,USD,orange,FOMC Member Brainard Speaks,https://www.forexfactory.com/calendar?month=march.2019#detail=109133,,,,Thu
07/03/2019,18:30,CAD,yellow,Gov Council Member Patterson Speaks,https://www.forexfactory.com/calendar?month=march.2019#detail=109131,,,,Thu
07/03/2019,21:00,USD,yellow,Consumer Credit m/m,https://www.forexfactory.com/calendar?month=march.2019#detail=102681,17.0B,16.4B,15.4B,Thu
07/03/2019,22:45,NZD,yellow,Manufacturing Sales q/q,https://www.forexfactory.com/calendar?month=march.2019#detail=104624,-0.5%,,1.8%,Thu
08/03/2019,00:30,JPY,yellow,Average Cash Earnings y/y,https://www.forexfactory.com/calendar?month=march.2019#detail=107159,1.2%,1.2%,1.5%,Fri
08/03/2019,,JPY,yellow,Household Spending y/y,https://www.forexfactory.com/calendar?month=march.2019#detail=106756,2.0%,-0.5%,0.1%,Fri
08/03/2019,00:50,JPY,yellow,Bank Lending y/y,https://www.forexfactory.com/calendar?month=march.2019#detail=106712,2.3%,2.4%,2.4%,Fri
08/03/2019,,JPY,yellow,Current Account,https://www.forexfactory.com/calendar?month=march.2019#detail=107710,1.83T,1.39T,1.63T,Fri
08/03/2019,,JPY,yellow,Final GDP q/q,https://www.forexfactory.com/calendar?month=march.2019#detail=106745,0.5%,0.4%,0.3%,Fri
08/03/2019,00:52,JPY,yellow,Final GDP Price Index y/y,https://www.forexfactory.com/calendar?month=march.2019#detail=106800,-0.3%,-0.3%,-0.3%,Fri
08/03/2019,04:17,CNY,red,Trade Balance,https://www.forexfactory.com/calendar?month=march.2019#detail=108131,34B,257B,271B,Fri
08/03/2019,04:19,CNY,yellow,USD-Denominated Trade Balance,https://www.forexfactory.com/calendar?month=march.2019#detail=108132,4.1B,27.2B,39.2B,Fri
08/03/2019,06:00,JPY,yellow,Economy Watchers Sentiment,https://www.forexfactory.com/calendar?month=march.2019#detail=107032,47.5,46.2,45.6,Fri
08/03/2019,08:00,EUR,yellow,German Factory Orders m/m,https://www.forexfactory.com/calendar?month=march.2019#detail=106302,-2.6%,0.5%,0.9%,Fri
08/03/2019,08:45,EUR,yellow,French Industrial Production m/m,https://www.forexfactory.com/calendar?month=march.2019#detail=101103,1.3%,0.1%,0.0%,Fri
08/03/2019,,EUR,yellow,French Trade Balance,https://www.forexfactory.com/calendar?month=march.2019#detail=101035,-4.2B,-4.9B,-3.6B,Fri
08/03/2019,10:00,EUR,yellow,Italian Industrial Production m/m,https://www.forexfactory.com/calendar?month=march.2019#detail=100882,1.7%,0.2%,-0.7%,Fri
08/03/2019,14:13,CAD,yellow,Housing Starts,https://www.forexfactory.com/calendar?month=march.2019#detail=105444,173K,204K,207K,Fri
08/03/2019,14:30,CAD,red,Employment Change,https://www.forexfactory.com/calendar?month=march.2019#detail=108585,55.9K,0.6K,66.8K,Fri
08/03/2019,,CAD,red,Unemployment Rate,https://www.forexfactory.com/calendar?month=march.2019#detail=108587,5.8%,5.8%,5.8%,Fri
08/03/2019,,CAD,yellow,Capacity Utilization Rate,https://www.forexfactory.com/calendar?month=march.2019#detail=108590,81.7%,82.1%,82.8%,Fri
08/03/2019,,USD,red,Average Hourly Earnings m/m,https://www.forexfactory.com/calendar?month=march.2019#detail=102243,0.4%,0.3%,0.1%,Fri
08/03/2019,,USD,red,Non-Farm Employment Change,https://www.forexfactory.com/calendar?month=march.2019#detail=102247,20K,180K,311K,Fri
08/03/2019,,USD,red,Unemployment Rate,https://www.forexfactory.com/calendar?month=march.2019#detail=102246,3.8%,3.9%,4.0%,Fri
08/03/2019,,USD,orange,Building Permits,https://www.forexfactory.com/calendar?month=march.2019#detail=102874,1.35M,1.29M,1.33M,Fri
08/03/2019,,USD,yellow,Housing Starts,https://www.forexfactory.com/calendar?month=march.2019#detail=102876,1.23M,1.19M,1.04M,Fri
09/03/2019,02:30,CNY,red,CPI y/y,https://www.forexfactory.com/calendar?month=march.2019#detail=107924,1.5%,1.5%,1.7%,Sat
09/03/2019,,CNY,yellow,PPI y/y,https://www.forexfactory.com/calendar?month=march.2019#detail=107925,0.1%,0.2%,0.1%,Sat
09/03/2019,04:00,USD,red,Fed Chair Powell Speaks,https://www.forexfactory.com/calendar?month=march.2019#detail=109139,,,,Sat
10/03/2019,02:00,CNY,yellow,M2 Money Supply y/y,https://www.forexfactory.com/calendar?month=march.2019#detail=107928,8.0%,8.4%,8.4%,Sun
10/03/2019,,CNY,yellow,New Loans,https://www.forexfactory.com/calendar?month=march.2019#detail=107927,886B,950B,3230B,Sun
10/03/2019,08:00,CAD,gray,Daylight Saving Time Shift,https://www.forexfactory.com/calendar?month=march.2019#detail=99633,,,,Sun
10/03/2019,,USD,gray,Daylight Saving Time Shift,https://www.forexfactory.com/calendar?month=march.2019#detail=99628,,,,Sun
11/03/2019,00:00,USD,red,Fed Chair Powell Speaks,https://www.forexfactory.com/calendar?month=march.2019#detail=109558,,,,Mon
11/03/2019,00:50,JPY,yellow,M2 Money Stock y/y,https://www.forexfactory.com/calendar?month=march.2019#detail=106672,2.4%,2.4%,2.3%,Mon
11/03/2019,07:00,JPY,yellow,Prelim Machine Tool Orders y/y,https://www.forexfactory.com/calendar?month=march.2019#detail=107812,-29.3%,,-18.8%,Mon
11/03/2019,08:00,EUR,yellow,German Industrial Production m/m,https://www.forexfactory.com/calendar?month=march.2019#detail=106307,-0.8%,0.5%,0.8%,Mon
11/03/2019,,EUR,yellow,German Trade Balance,https://www.forexfactory.com/calendar?month=march.2019#detail=106304,18.5B,21.2B,19.9B,Mon
11/03/2019,All Day,EUR,yellow,Eurogroup Meetings,https://www.forexfactory.com/calendar?month=march.2019#detail=109044,,,,Mon
11/03/2019,13:30,USD,red,Core Retail Sales m/m,https://www.forexfactory.com/calendar?month=march.2019#detail=102634,0.9%,0.4%,-2.1%,Mon
11/03/2019,,USD,red,Retail Sales m/m,https://www.forexfactory.com/calendar?month=march.2019#detail=102633,0.2%,0.0%,-1.6%,Mon
11/03/2019,14:00,GBP,orange,MPC Member Haskel Speaks,https://www.forexfactory.com/calendar?month=march.2019#detail=109497,,,,Mon
11/03/2019,14:56,USD,yellow,Business Inventories m/m,https://www.forexfactory.com/calendar?month=march.2019#detail=102724,0.6%,0.6%,0.0%,Mon
12/03/2019,00:00,USD,red,Fed Chair Powell Speaks,https://www.forexfactory.com/calendar?month=march.2019#detail=109500,,,,Tue
12/03/2019,00:50,JPY,yellow,BSI Manufacturing Index,https://www.forexfactory.com/calendar?month=march.2019#detail=106586,-7.3,4.8,5.5,Tue
12/03/2019,01:30,AUD,yellow,Home Loans m/m,https://www.forexfactory.com/calendar?month=march.2019#detail=104311,-2.6%,-2.0%,-6.0%,Tue
12/03/2019,,AUD,yellow,NAB Business Confidence,https://www.forexfactory.com/calendar?month=march.2019#detail=103804,2,,4,Tue
12/03/2019,07:30,EUR,yellow,French Final Private Payrolls q/q,https://www.forexfactory.com/calendar?month=march.2019#detail=101070,0.3%,0.1%,0.1%,Tue
12/03/2019,07:58,AUD,orange,RBA Deputy Gov Debelle Speaks,https://www.forexfactory.com/calendar?month=march.2019#detail=109490,,,,Tue
12/03/2019,10:30,GBP,red,GDP m/m,https://www.forexfactory.com/calendar?month=march.2019#detail=106052,0.5%,0.2%,-0.4%,Tue
12/03/2019,,GBP,red,Manufacturing Production m/m,https://www.forexfactory.com/calendar?month=march.2019#detail=106062,0.8%,0.2%,-0.7%,Tue
12/03/2019,,GBP,yellow,Construction Output m/m,https://www.forexfactory.com/calendar?month=march.2019#detail=106053,2.8%,0.9%,-2.8%,Tue
12/03/2019,,GBP,yellow,Goods Trade Balance,https://www.forexfactory.com/calendar?month=march.2019#detail=106055,-13.1B,-12.2B,-12.7B,Tue
12/03/2019,,GBP,yellow,Index of Services 3m/3m,https://www.forexfactory.com/calendar?month=march.2019#detail=106057,0.5%,0.5%,0.4%,Tue
12/03/2019,,GBP,yellow,Industrial Production m/m,https://www.forexfactory.com/calendar?month=march.2019#detail=106060,0.6%,0.2%,-0.5%,Tue
12/03/2019,11:00,USD,yellow,NFIB Small Business Index,https://www.forexfactory.com/calendar?month=march.2019#detail=102201,101.7,102.0,101.2,Tue
12/03/2019,All Day,EUR,yellow,ECOFIN Meetings,https://www.forexfactory.com/calendar?month=march.2019#detail=109081,,,,Tue
12/03/2019,13:30,USD,red,Core CPI m/m,https://www.forexfactory.com/calendar?month=march.2019#detail=102248,0.1%,0.2%,0.2%,Tue
12/03/2019,,USD,red,CPI m/m,https://www.forexfactory.com/calendar?month=march.2019#detail=102251,0.2%,0.2%,0.0%,Tue
12/03/2019,,USD,red,CPI y/y,https://www.forexfactory.com/calendar?month=march.2019#detail=128616,1.5%,1.6%,1.6%,Tue
12/03/2019,13:45,USD,orange,FOMC Member Brainard Speaks,https://www.forexfactory.com/calendar?month=march.2019#detail=109502,,,,Tue
12/03/2019,14:07,GBP,yellow,NIESR GDP Estimate,https://www.forexfactory.com/calendar?month=march.2019#detail=105696,0.1%,,0.2%,Tue
12/03/2019,18:01,USD,yellow,10-y Bond Auction,https://www.forexfactory.com/calendar?month=march.2019#detail=102098,2.62|2.6,,2.69|2.3,Tue
12/03/2019,20:22,GBP,red,Parliament Brexit Vote,https://www.forexfactory.com/calendar?month=march.2019#detail=109559,Reject,Reject,,Tue
12/03/2019,21:30,USD,yellow,API Weekly Statistical Bulletin,https://www.forexfactory.com/calendar?month=march.2019#detail=100172,,,,Tue
12/03/2019,22:45,NZD,yellow,FPI m/m,https://www.forexfactory.com/calendar?month=march.2019#detail=104625,0.4%,,1.0%,Tue
13/03/2019,00:30,AUD,yellow,Westpac Consumer Sentiment,https://www.forexfactory.com/calendar?month=march.2019#detail=104024,-4.8%,,4.3%,Wed
13/03/2019,00:50,JPY,yellow,Core Machinery Orders m/m,https://www.forexfactory.com/calendar?month=march.2019#detail=106742,-5.4%,-1.6%,-0.1%,Wed
13/03/2019,,JPY,yellow,PPI y/y,https://www.forexfactory.com/calendar?month=march.2019#detail=107150,0.8%,0.7%,0.6%,Wed
13/03/2019,05:30,JPY,yellow,Tertiary Industry Activity m/m,https://www.forexfactory.com/calendar?month=march.2019#detail=106769,0.4%,-0.3%,-0.5%,Wed
13/03/2019,10:00,EUR,yellow,Italian Quarterly Unemployment Rate,https://www.forexfactory.com/calendar?month=march.2019#detail=100865,10.6%,10.5%,10.3%,Wed
13/03/2019,11:00,EUR,yellow,Industrial Production m/m,https://www.forexfactory.com/calendar?month=march.2019#detail=103163,1.4%,1.0%,-0.9%,Wed
13/03/2019,11:35,EUR,yellow,German 30-y Bond Auction,https://www.forexfactory.com/calendar?month=march.2019#detail=101435,0.74|1.5,,0.72|1.2,Wed
13/03/2019,13:30,USD,red,Core Durable Goods Orders m/m,https://www.forexfactory.com/calendar?month=march.2019#detail=102748,-0.1%,0.1%,0.3%,Wed
13/03/2019,,USD,red,PPI m/m,https://www.forexfactory.com/calendar?month=march.2019#detail=102257,0.1%,0.2%,-0.1%,Wed
13/03/2019,,USD,orange,Core PPI m/m,https://www.forexfactory.com/calendar?month=march.2019#detail=102254,0.1%,0.2%,0.3%,Wed
13/03/2019,,USD,orange,Durable Goods Orders m/m,https://www.forexfactory.com/calendar?month=march.2019#detail=102745,0.4%,-0.5%,1.3%,Wed
13/03/2019,13:42,GBP,red,Annual Budget Release,https://www.forexfactory.com/calendar?month=march.2019#detail=101901,,,,Wed
13/03/2019,15:00,USD,yellow,Construction Spending m/m,https://www.forexfactory.com/calendar?month=march.2019#detail=102701,1.3%,0.4%,-0.8%,Wed
13/03/2019,15:30,USD,yellow,Crude Oil Inventories,https://www.forexfactory.com/calendar?month=march.2019#detail=99912,-3.9M,2.7M,7.1M,Wed
13/03/2019,18:01,USD,yellow,30-y Bond Auction,https://www.forexfactory.com/calendar?month=march.2019#detail=102118,3.01|2.3,,3.02|2.3,Wed
13/03/2019,20:16,GBP,red,Parliament Brexit Vote,https://www.forexfactory.com/calendar?month=march.2019#detail=110148,Reject,Reject,,Wed
14/03/2019,01:00,AUD,yellow,MI Inflation Expectations,https://www.forexfactory.com/calendar?month=march.2019#detail=103994,4.1%,,3.7%,Thu
14/03/2019,01:01,GBP,yellow,RICS House Price Balance,https://www.forexfactory.com/calendar?month=march.2019#detail=105627,-28%,-24%,-22%,Thu
14/03/2019,03:00,CNY,orange,Fixed Asset Investment ytd/y,https://www.forexfactory.com/calendar?month=march.2019#detail=107930,6.1%,6.1%,5.9%,Thu
14/03/2019,,CNY,orange,Industrial Production y/y,https://www.forexfactory.com/calendar?month=march.2019#detail=107932,5.3%,5.5%,5.7%,Thu
14/03/2019,,CNY,yellow,Retail Sales y/y,https://www.forexfactory.com/calendar?month=march.2019#detail=107933,8.2%,8.1%,8.2%,Thu
14/03/2019,,CNY,yellow,Unemployment Rate,https://www.forexfactory.com/calendar?month=march.2019#detail=107934,5.3%,,4.9%,Thu
14/03/2019,07:45,CHF,yellow,SECO Economic Forecasts,https://www.forexfactory.com/calendar?month=march.2019#detail=104909,,,,Thu
14/03/2019,08:00,EUR,yellow,German Final CPI m/m,https://www.forexfactory.com/calendar?month=march.2019#detail=106309,0.4%,0.5%,0.5%,Thu
14/03/2019,08:30,CHF,yellow,PPI m/m,https://www.forexfactory.com/calendar?month=march.2019#detail=105043,0.2%,-0.1%,-0.7%,Thu
14/03/2019,08:45,EUR,yellow,French Final CPI m/m,https://www.forexfactory.com/calendar?month=march.2019#detail=101153,0.0%,0.0%,0.0%,Thu
14/03/2019,11:37,GBP,yellow,30-y Bond Auction,https://www.forexfactory.com/calendar?month=march.2019#detail=109488,1.74|2.3,,1.91|2.4,Thu
14/03/2019,13:30,CAD,yellow,NHPI m/m,https://www.forexfactory.com/calendar?month=march.2019#detail=108591,-0.1%,0.0%,0.0%,Thu
14/03/2019,,USD,yellow,Import Prices m/m,https://www.forexfactory.com/calendar?month=march.2019#detail=102260,0.6%,0.3%,0.1%,Thu
14/03/2019,,USD,yellow,Unemployment Claims,https://www.forexfactory.com/calendar?month=march.2019#detail=99699,229K,225K,223K,Thu
14/03/2019,15:00,USD,yellow,New Home Sales,https://www.forexfactory.com/calendar?month=march.2019#detail=102918,607K,622K,652K,Thu
14/03/2019,15:30,USD,yellow,Natural Gas Storage,https://www.forexfactory.com/calendar?month=march.2019#detail=99694,-204B,-211B,-149B,Thu
14/03/2019,19:23,GBP,red,Parliament Brexit Vote,https://www.forexfactory.com/calendar?month=march.2019#detail=110149,Pass,Pass,,Thu
14/03/2019,22:30,NZD,yellow,BusinessNZ Manufacturing Index,https://www.forexfactory.com/calendar?month=march.2019#detail=104465,53.7,,53.0,Thu
14/03/2019,22:47,NZD,yellow,Visitor Arrivals m/m,https://www.forexfactory.com/calendar?month=march.2019#detail=104626,-0.1%,,-2.7%,Thu
14/03/2019,23:50,CAD,orange,Gov Council Member Wilkins Speaks,https://www.forexfactory.com/calendar?month=march.2019#detail=109491,,,,Thu
15/03/2019,02:30,CNY,yellow,New Home Prices m/m,https://www.forexfactory.com/calendar?month=march.2019#detail=136760,0.53%,,0.61%,Fri
15/03/2019,03:40,JPY,red,Monetary Policy Statement,https://www.forexfactory.com/calendar?month=march.2019#detail=106607,,,,Fri
15/03/2019,,JPY,yellow,BOJ Policy Rate,https://www.forexfactory.com/calendar?month=march.2019#detail=106605,-0.10%,-0.10%,-0.10%,Fri
15/03/2019,04:19,CNY,yellow,Foreign Direct Investment ytd/y,https://www.forexfactory.com/calendar?month=march.2019#detail=108119,5.5%,,4.8%,Fri
15/03/2019,07:32,JPY,red,BOJ Press Conference,https://www.forexfactory.com/calendar?month=march.2019#detail=106628,,,,Fri
15/03/2019,08:00,EUR,yellow,German WPI m/m,https://www.forexfactory.com/calendar?month=march.2019#detail=106310,0.3%,0.3%,-0.7%,Fri
15/03/2019,09:55,JPY,orange,BOJ Gov Kuroda Speaks,https://www.forexfactory.com/calendar?month=march.2019#detail=109494,,,,Fri
15/03/2019,11:00,EUR,yellow,Final Core CPI y/y,https://www.forexfactory.com/calendar?month=march.2019#detail=103165,1.0%,1.0%,1.0%,Fri
15/03/2019,,EUR,yellow,Final CPI y/y,https://www.forexfactory.com/calendar?month=march.2019#detail=103167,1.5%,1.5%,1.5%,Fri
15/03/2019,13:30,CAD,orange,Manufacturing Sales m/m,https://www.forexfactory.com/calendar?month=march.2019#detail=108592,1.0%,0.4%,-1.1%,Fri
15/03/2019,,USD,yellow,Empire State Manufacturing Index,https://www.forexfactory.com/calendar?month=march.2019#detail=103764,3.7,10.1,8.8,Fri
15/03/2019,14:15,USD,yellow,Capacity Utilization Rate,https://www.forexfactory.com/calendar?month=march.2019#detail=102054,78.2%,78.5%,78.3%,Fri
15/03/2019,,USD,yellow,Industrial Production m/m,https://www.forexfactory.com/calendar?month=march.2019#detail=102055,0.1%,0.4%,-0.4%,Fri
15/03/2019,14:30,GBP,yellow,CB Leading Index m/m,https://www.forexfactory.com/calendar?month=march.2019#detail=109100,-0.4%,,-0.6%,Fri
15/03/2019,15:00,USD,orange,Prelim UoM Consumer Sentiment,https://www.forexfactory.com/calendar?month=march.2019#detail=101635,97.8,95.5,93.8,Fri
15/03/2019,,USD,yellow,JOLTS Job Openings,https://www.forexfactory.com/calendar?month=march.2019#detail=102452,7.58M,7.27M,7.48M,Fri
15/03/2019,,USD,yellow,Prelim UoM Inflation Expectations,https://www.forexfactory.com/calendar?month=march.2019#detail=101645,2.4%,,2.6%,Fri
15/03/2019,21:00,USD,yellow,TIC Long-Term Purchases,https://www.forexfactory.com/calendar?month=march.2019#detail=102969,-7.2B,-6.9B,-48.3B,Fri
17/03/2019,22:30,NZD,yellow,BusinessNZ Services Index,https://www.forexfactory.com/calendar?month=march.2019#detail=127203,53.8,,56.2,Sun
18/03/2019,00:50,JPY,yellow,Trade Balance,https://www.forexfactory.com/calendar?month=march.2019#detail=106775,0.12T,0.09T,-0.29T,Mon
18/03/2019,01:01,GBP,yellow,Rightmove HPI m/m,https://www.forexfactory.com/calendar?month=march.2019#detail=105601,0.4%,,0.7%,Mon
18/03/2019,05:30,JPY,yellow,Revised Industrial Production m/m,https://www.forexfactory.com/calendar?month=march.2019#detail=107846,-3.4%,-3.7%,-3.7%,Mon
18/03/2019,11:00,EUR,yellow,Trade Balance,https://www.forexfactory.com/calendar?month=march.2019#detail=103170,17.0B,17.2B,16.0B,Mon
18/03/2019,All Day,All,orange,OPEC-JMMC Meetings,https://www.forexfactory.com/calendar?month=march.2019#detail=110154,,,,Mon
18/03/2019,12:00,EUR,yellow,German Buba Monthly Report,https://www.forexfactory.com/calendar?month=march.2019#detail=101488,,,,Mon
18/03/2019,13:30,CAD,yellow,Foreign Securities Purchases,https://www.forexfactory.com/calendar?month=march.2019#detail=108594,28.40B,15.03B,-20.49B,Mon
18/03/2019,15:00,USD,yellow,NAHB Housing Market Index,https://www.forexfactory.com/calendar?month=march.2019#detail=106556,62,63,62,Mon
18/03/2019,21:00,NZD,orange,Westpac Consumer Sentiment,https://www.forexfactory.com/calendar?month=march.2019#detail=104496,103.8,,109.1,Mon
18/03/2019,23:00,AUD,orange,RBA Assist Gov Kent Speaks,https://www.forexfactory.com/calendar?month=march.2019#detail=109560,,,,Mon
19/03/2019,01:30,AUD,red,Monetary Policy Meeting Minutes,https://www.forexfactory.com/calendar?month=march.2019#detail=103947,,,,Tue
19/03/2019,,AUD,orange,HPI q/q,https://www.forexfactory.com/calendar?month=march.2019#detail=104396,-2.4%,-1.9%,-1.5%,Tue
19/03/2019,08:00,CHF,yellow,Trade Balance,https://www.forexfactory.com/calendar?month=march.2019#detail=105090,3.13B,2.88B,3.04B,Tue
19/03/2019,10:10,EUR,yellow,Italian Trade Balance,https://www.forexfactory.com/calendar?month=march.2019#detail=100908,0.32B,3.45B,2.76B,Tue
19/03/2019,10:18,GBP,red,Average Earnings Index 3m/y,https://www.forexfactory.com/calendar?month=march.2019#detail=105964,3.4%,3.2%,3.5%,Tue
19/03/2019,,GBP,orange,Unemployment Rate,https://www.forexfactory.com/calendar?month=march.2019#detail=105965,3.9%,4.0%,4.0%,Tue
19/03/2019,,GBP,yellow,Claimant Count Change,https://www.forexfactory.com/calendar?month=march.2019#detail=105968,27.0K,13.1K,15.7K,Tue
19/03/2019,11:00,EUR,orange,German ZEW Economic Sentiment,https://www.forexfactory.com/calendar?month=march.2019#detail=101549,-3.6,-11.0,-13.4,Tue
19/03/2019,,EUR,yellow,ZEW Economic Sentiment,https://www.forexfactory.com/calendar?month=march.2019#detail=101547,-2.5,-15.1,-16.6,Tue
19/03/2019,15:00,USD,yellow,Factory Orders m/m,https://www.forexfactory.com/calendar?month=march.2019#detail=102796,0.1%,0.3%,0.1%,Tue
19/03/2019,15:17,NZD,yellow,GDT Price Index,https://www.forexfactory.com/calendar?month=march.2019#detail=104772,1.9%,,3.3%,Tue
19/03/2019,21:00,CAD,yellow,Annual Budget Release,https://www.forexfactory.com/calendar?month=march.2019#detail=105396,,,,Tue
19/03/2019,21:30,USD,yellow,API Weekly Statistical Bulletin,https://www.forexfactory.com/calendar?month=march.2019#detail=100174,,,,Tue
19/03/2019,22:45,NZD,orange,Current Account,https://www.forexfactory.com/calendar?month=march.2019#detail=104627,-3.26B,-3.55B,-6.18B,Tue
20/03/2019,00:30,AUD,yellow,MI Leading Index m/m,https://www.forexfactory.com/calendar?month=march.2019#detail=104130,0.0%,,0.1%,Wed
20/03/2019,00:50,JPY,yellow,Monetary Policy Meeting Minutes,https://www.forexfactory.com/calendar?month=march.2019#detail=106649,,,,Wed
20/03/2019,01:00,AUD,orange,RBA Gov Bullock Speaks,https://www.forexfactory.com/calendar?month=march.2019#detail=109563,,,,Wed
20/03/2019,08:00,EUR,yellow,German PPI m/m,https://www.forexfactory.com/calendar?month=march.2019#detail=106313,-0.1%,0.2%,0.4%,Wed
20/03/2019,10:30,GBP,red,CPI y/y,https://www.forexfactory.com/calendar?month=march.2019#detail=105837,1.9%,1.8%,1.8%,Wed
20/03/2019,,GBP,orange,PPI Input m/m,https://www.forexfactory.com/calendar?month=march.2019#detail=105848,0.6%,0.6%,-0.3%,Wed
20/03/2019,,GBP,orange,RPI y/y,https://www.forexfactory.com/calendar?month=march.2019#detail=105840,2.5%,2.5%,2.5%,Wed
20/03/2019,,GBP,yellow,Core CPI y/y,https://www.forexfactory.com/calendar?month=march.2019#detail=105835,1.8%,1.9%,1.9%,Wed
20/03/2019,,GBP,yellow,HPI y/y,https://www.forexfactory.com/calendar?month=march.2019#detail=105842,1.7%,2.3%,2.2%,Wed
20/03/2019,,GBP,yellow,PPI Output m/m,https://www.forexfactory.com/calendar?month=march.2019#detail=105845,0.1%,0.1%,0.0%,Wed
20/03/2019,12:00,GBP,yellow,CBI Industrial Order Expectations,https://www.forexfactory.com/calendar?month=march.2019#detail=103539,1,3,6,Wed
20/03/2019,15:30,USD,yellow,Crude Oil Inventories,https://www.forexfactory.com/calendar?month=march.2019#detail=99921,-9.6M,0.5M,-3.9M,Wed
20/03/2019,19:00,USD,red,Federal Funds Rate,https://www.forexfactory.com/calendar?month=march.2019#detail=101907,2.50%,2.50%,2.50%,Wed
20/03/2019,,USD,red,FOMC Economic Projections,https://www.forexfactory.com/calendar?month=march.2019#detail=101910,,,,Wed
20/03/2019,,USD,red,FOMC Statement,https://www.forexfactory.com/calendar?month=march.2019#detail=101908,,,,Wed
20/03/2019,19:30,USD,red,FOMC Press Conference,https://www.forexfactory.com/calendar?month=march.2019#detail=101912,,,,Wed
20/03/2019,21:15,GBP,red,Prime Minister May Speaks,https://www.forexfactory.com/calendar?month=march.2019#detail=110158,,,,Wed
20/03/2019,22:45,NZD,red,GDP q/q,https://www.forexfactory.com/calendar?month=march.2019#detail=104629,0.6%,0.6%,0.3%,Wed
21/03/2019,All Day,JPY,gray,Bank Holiday,https://www.forexfactory.com/calendar?month=march.2019#detail=107238,,,,Thu
21/03/2019,01:30,AUD,red,Employment Change,https://www.forexfactory.com/calendar?month=march.2019#detail=104075,4.6K,14.8K,38.3K,Thu
21/03/2019,,AUD,red,Unemployment Rate,https://www.forexfactory.com/calendar?month=march.2019#detail=104076,4.9%,5.0%,5.0%,Thu
21/03/2019,,AUD,yellow,RBA Bulletin,https://www.forexfactory.com/calendar?month=march.2019#detail=103973,,,,Thu
21/03/2019,03:00,NZD,yellow,Credit Card Spending y/y,https://www.forexfactory.com/calendar?month=march.2019#detail=104722,6.4%,,6.9%,Thu
21/03/2019,09:30,CHF,red,SNB Monetary Policy Assessment,https://www.forexfactory.com/calendar?month=march.2019#detail=104954,,,,Thu
21/03/2019,,CHF,orange,Libor Rate,https://www.forexfactory.com/calendar?month=march.2019#detail=104953,-0.75%,-0.75%,-0.75%,Thu
21/03/2019,10:00,EUR,yellow,ECB Economic Bulletin,https://www.forexfactory.com/calendar?month=march.2019#detail=103406,,,,Thu
21/03/2019,10:30,GBP,red,Retail Sales m/m,https://www.forexfactory.com/calendar?month=march.2019#detail=106233,0.4%,-0.4%,0.9%,Thu
21/03/2019,,GBP,orange,Public Sector Net Borrowing,https://www.forexfactory.com/calendar?month=march.2019#detail=106212,-0.7B,-0.3B,-14.1B,Thu
21/03/2019,10:52,EUR,yellow,Spanish 10-y Bond Auction,https://www.forexfactory.com/calendar?month=march.2019#detail=110159,1.10|1.5,,1.22|1.1,Thu
21/03/2019,All Day,EUR,red,EU Economic Summit,https://www.forexfactory.com/calendar?month=march.2019#detail=110153,,,,Thu
21/03/2019,13:00,GBP,red,Monetary Policy Summary,https://www.forexfactory.com/calendar?month=march.2019#detail=103639,,,,Thu
21/03/2019,,GBP,red,MPC Official Bank Rate Votes,https://www.forexfactory.com/calendar?month=march.2019#detail=103637,0-0-9,0-0-9,0-0-9,Thu
21/03/2019,,GBP,red,Official Bank Rate,https://www.forexfactory.com/calendar?month=march.2019#detail=103638,0.75%,0.75%,0.75%,Thu
21/03/2019,,GBP,orange,Asset Purchase Facility,https://www.forexfactory.com/calendar?month=march.2019#detail=103631,435B,435B,435B,Thu
21/03/2019,,GBP,orange,MPC Asset Purchase Facility Votes,https://www.forexfactory.com/calendar?month=march.2019#detail=103634,0-0-9,0-0-9,0-0-9,Thu
21/03/2019,13:30,CAD,yellow,Wholesale Sales m/m,https://www.forexfactory.com/calendar?month=march.2019#detail=108596,0.6%,0.5%,0.3%,Thu
21/03/2019,,USD,orange,Philly Fed Manufacturing Index,https://www.forexfactory.com/calendar?month=march.2019#detail=106570,13.7,4.6,-4.1,Thu
21/03/2019,,USD,yellow,Unemployment Claims,https://www.forexfactory.com/calendar?month=march.2019#detail=99701,221K,226K,230K,Thu
21/03/2019,13:32,CAD,yellow,ADP Non-Farm Employment Change,https://www.forexfactory.com/calendar?month=march.2019#detail=105419,36.2K,,32.9K,Thu
21/03/2019,15:00,USD,yellow,CB Leading Index m/m,https://www.forexfactory.com/calendar?month=march.2019#detail=106929,0.2%,0.1%,0.0%,Thu
21/03/2019,15:30,USD,yellow,Natural Gas Storage,https://www.forexfactory.com/calendar?month=march.2019#detail=99696,-47B,-49B,-204B,Thu
21/03/2019,15:54,EUR,yellow,Consumer Confidence,https://www.forexfactory.com/calendar?month=march.2019#detail=103172,-7,-7,-7,Thu
21/03/2019,23:00,AUD,yellow,Flash Manufacturing PMI,https://www.forexfactory.com/calendar?month=march.2019#detail=108907,52.0,,52.9,Thu
21/03/2019,,AUD,yellow,Flash Services PMI,https://www.forexfactory.com/calendar?month=march.2019#detail=108908,49.8,,48.7,Thu
22/03/2019,00:30,JPY,yellow,National Core CPI y/y,https://www.forexfactory.com/calendar?month=march.2019#detail=107152,0.7%,0.8%,0.8%,Fri
22/03/2019,01:30,JPY,yellow,Flash Manufacturing PMI,https://www.forexfactory.com/calendar?month=march.2019#detail=106975,48.9,49.2,48.9,Fri
22/03/2019,09:15,EUR,red,French Flash Services PMI,https://www.forexfactory.com/calendar?month=march.2019#detail=101365,48.7,50.6,50.2,Fri
22/03/2019,,EUR,orange,French Flash Manufacturing PMI,https://www.forexfactory.com/calendar?month=march.2019#detail=101364,49.8,51.4,51.5,Fri
22/03/2019,09:30,EUR,red,German Flash Manufacturing PMI,https://www.forexfactory.com/calendar?month=march.2019#detail=101362,44.7,48.0,47.6,Fri
22/03/2019,,EUR,red,German Flash Services PMI,https://www.forexfactory.com/calendar?month=march.2019#detail=101363,54.9,54.8,55.3,Fri
22/03/2019,10:00,EUR,orange,Flash Manufacturing PMI,https://www.forexfactory.com/calendar?month=march.2019#detail=101228,47.6,49.5,49.3,Fri
22/03/2019,,EUR,orange,Flash Services PMI,https://www.forexfactory.com/calendar?month=march.2019#detail=101231,52.7,52.7,52.8,Fri
22/03/2019,,EUR,yellow,Current Account,https://www.forexfactory.com/calendar?month=march.2019#detail=103486,36.8B,17.3B,16.2B,Fri
22/03/2019,13:30,CAD,red,Core Retail Sales m/m,https://www.forexfactory.com/calendar?month=march.2019#detail=108598,0.1%,0.2%,-0.8%,Fri
22/03/2019,,CAD,red,CPI m/m,https://www.forexfactory.com/calendar?month=march.2019#detail=108604,0.7%,0.6%,0.1%,Fri
22/03/2019,,CAD,orange,Common CPI y/y,https://www.forexfactory.com/calendar?month=march.2019#detail=108602,1.8%,1.8%,1.9%,Fri
22/03/2019,,CAD,orange,Median CPI y/y,https://www.forexfactory.com/calendar?month=march.2019#detail=108606,1.8%,1.7%,1.8%,Fri
22/03/2019,,CAD,orange,Retail Sales m/m,https://www.forexfactory.com/calendar?month=march.2019#detail=108600,-0.3%,0.4%,-0.3%,Fri
22/03/2019,,CAD,orange,Trimmed CPI y/y,https://www.forexfactory.com/calendar?month=march.2019#detail=108605,1.9%,1.8%,1.9%,Fri
22/03/2019,13:32,CAD,yellow,Core CPI m/m,https://www.forexfactory.com/calendar?month=march.2019#detail=108603,0.7%,,0.3%,Fri
22/03/2019,14:45,USD,yellow,Flash Manufacturing PMI,https://www.forexfactory.com/calendar?month=march.2019#detail=101360,52.5,53.5,53.0,Fri
22/03/2019,,USD,yellow,Flash Services PMI,https://www.forexfactory.com/calendar?month=march.2019#detail=101359,54.8,55.7,56.0,Fri
22/03/2019,15:00,USD,yellow,Existing Home Sales,https://www.forexfactory.com/calendar?month=march.2019#detail=106876,5.51M,5.10M,4.93M,Fri
22/03/2019,,USD,yellow,Final Wholesale Inventories m/m,https://www.forexfactory.com/calendar?month=march.2019#detail=106842,1.2%,0.2%,1.1%,Fri
22/03/2019,19:00,USD,yellow,Federal Budget Balance,https://www.forexfactory.com/calendar?month=march.2019#detail=101734,-234.0B,-228.0B,8.7B,Fri
25/03/2019,05:30,JPY,yellow,All Industries Activity m/m,https://www.forexfactory.com/calendar?month=march.2019#detail=106703,-0.2%,-0.3%,-0.6%,Mon
25/03/2019,07:00,USD,orange,FOMC Member Evans Speaks,https://www.forexfactory.com/calendar?month=march.2019#detail=110181,,,,Mon
25/03/2019,10:00,EUR,orange,German ifo Business Climate,https://www.forexfactory.com/calendar?month=march.2019#detail=101463,99.6,98.7,98.7,Mon
25/03/2019,14:00,CNY,yellow,CB Leading Index m/m,https://www.forexfactory.com/calendar?month=march.2019#detail=108162,0.6%,,1.6%,Mon
25/03/2019,15:00,EUR,yellow,Belgian NBB Business Climate,https://www.forexfactory.com/calendar?month=march.2019#detail=104866,-0.7,-2.0,-1.7,Mon
25/03/2019,22:15,AUD,orange,RBA Assist Gov Ellis Speaks,https://www.forexfactory.com/calendar?month=march.2019#detail=110165,,,,Mon
25/03/2019,22:45,NZD,orange,Trade Balance,https://www.forexfactory.com/calendar?month=march.2019#detail=104630,12M,-200M,-948M,Mon
26/03/2019,00:50,JPY,yellow,BOJ Summary of Opinions,https://www.forexfactory.com/calendar?month=march.2019#detail=106637,,,,Tue
26/03/2019,,JPY,yellow,SPPI y/y,https://www.forexfactory.com/calendar?month=march.2019#detail=107425,1.1%,1.2%,1.0%,Tue
26/03/2019,01:30,USD,orange,FOMC Member Rosengren Speaks,https://www.forexfactory.com/calendar?month=march.2019#detail=110184,,,,Tue
26/03/2019,06:07,JPY,yellow,BOJ Core CPI y/y,https://www.forexfactory.com/calendar?month=march.2019#detail=106784,0.4%,0.5%,0.5%,Tue
26/03/2019,08:00,EUR,yellow,German GfK Consumer Climate,https://www.forexfactory.com/calendar?month=march.2019#detail=101515,10.4,10.8,10.7,Tue
26/03/2019,10:30,GBP,yellow,High Street Lending,https://www.forexfactory.com/calendar?month=march.2019#detail=105542,35.3K,39.4K,39.6K,Tue
26/03/2019,11:30,USD,orange,FOMC Member Evans Speaks,https://www.forexfactory.com/calendar?month=march.2019#detail=110186,,,,Tue
26/03/2019,12:00,GBP,orange,MPC Member Broadbent Speaks,https://www.forexfactory.com/calendar?month=march.2019#detail=110175,,,,Tue
26/03/2019,13:30,USD,orange,Building Permits,https://www.forexfactory.com/calendar?month=march.2019#detail=102880,1.30M,1.32M,1.32M,Tue
26/03/2019,,USD,yellow,Housing Starts,https://www.forexfactory.com/calendar?month=march.2019#detail=102878,1.16M,1.22M,1.27M,Tue
26/03/2019,14:00,USD,yellow,HPI m/m,https://www.forexfactory.com/calendar?month=march.2019#detail=102946,0.6%,0.4%,0.3%,Tue
26/03/2019,,USD,yellow,S&P/CS Composite-20 HPI y/y,https://www.forexfactory.com/calendar?month=march.2019#detail=102028,3.6%,4.3%,4.1%,Tue
26/03/2019,14:59,USD,yellow,Richmond Manufacturing Index,https://www.forexfactory.com/calendar?month=march.2019#detail=106824,10,12,16,Tue
26/03/2019,15:00,USD,red,CB Consumer Confidence,https://www.forexfactory.com/calendar?month=march.2019#detail=101972,124.1,132.1,131.4,Tue
26/03/2019,21:30,USD,yellow,API Weekly Statistical Bulletin,https://www.forexfactory.com/calendar?month=march.2019#detail=100177,,,,Tue
27/03/2019,00:00,AUD,orange,RBA Assist Gov Kent Speaks,https://www.forexfactory.com/calendar?month=march.2019#detail=110167,,,,Wed
27/03/2019,02:00,NZD,red,RBNZ Rate Statement,https://www.forexfactory.com/calendar?month=march.2019#detail=104553,,,,Wed
27/03/2019,,NZD,orange,Official Cash Rate,https://www.forexfactory.com/calendar?month=march.2019#detail=104556,1.75%,1.75%,1.75%,Wed
27/03/2019,09:00,EUR,red,ECB President Draghi Speaks,https://www.forexfactory.com/calendar?month=march.2019#detail=110172,,,,Wed
27/03/2019,10:00,CHF,yellow,UBS Economic Expectations,https://www.forexfactory.com/calendar?month=march.2019#detail=104983,-26.9,,-16.6,Wed
27/03/2019,11:35,EUR,yellow,German 10-y Bond Auction,https://www.forexfactory.com/calendar?month=march.2019#detail=101410,-0.05|2.6,,0.12|2.5,Wed
27/03/2019,12:00,GBP,yellow,CBI Realized Sales,https://www.forexfactory.com/calendar?month=march.2019#detail=103557,-18,5,0,Wed
27/03/2019,13:30,CAD,orange,Trade Balance,https://www.forexfactory.com/calendar?month=march.2019#detail=108589,-4.2B,-3.5B,-4.8B,Wed
27/03/2019,,USD,yellow,Trade Balance,https://www.forexfactory.com/calendar?month=march.2019#detail=102549,-51.1B,-57.2B,-59.9B,Wed
27/03/2019,15:00,CHF,yellow,SNB Quarterly Bulletin,https://www.forexfactory.com/calendar?month=march.2019#detail=104944,,,,Wed
27/03/2019,,USD,yellow,Current Account,https://www.forexfactory.com/calendar?month=march.2019#detail=102621,-134B,-130B,-127B,Wed
27/03/2019,15:30,AUD,yellow,CB Leading Index m/m,https://www.forexfactory.com/calendar?month=march.2019#detail=109088,0.3%,,0.1%,Wed
27/03/2019,,USD,yellow,Crude Oil Inventories,https://www.forexfactory.com/calendar?month=march.2019#detail=99922,2.8M,-1.1M,-9.6M,Wed
27/03/2019,22:30,USD,orange,FOMC Member George Speaks,https://www.forexfactory.com/calendar?month=march.2019#detail=110188,,,,Wed
28/03/2019,01:00,NZD,red,ANZ Business Confidence,https://www.forexfactory.com/calendar?month=march.2019#detail=104438,-38.0,,-30.9,Thu
28/03/2019,All Day,EUR,orange,German Prelim CPI m/m,https://www.forexfactory.com/calendar?month=march.2019#detail=106316,0.4%,0.6%,0.4%,Thu
28/03/2019,09:00,EUR,yellow,Spanish Flash CPI y/y,https://www.forexfactory.com/calendar?month=march.2019#detail=100796,1.3%,1.4%,1.1%,Thu
28/03/2019,10:00,EUR,yellow,M3 Money Supply y/y,https://www.forexfactory.com/calendar?month=march.2019#detail=103444,4.3%,3.9%,3.8%,Thu
28/03/2019,,EUR,yellow,Private Loans y/y,https://www.forexfactory.com/calendar?month=march.2019#detail=103446,3.3%,3.3%,3.2%,Thu
28/03/2019,11:16,EUR,yellow,Italian 10-y Bond Auction,https://www.forexfactory.com/calendar?month=march.2019#detail=100817,2.61|1.4,,2.81|1.3,Thu
28/03/2019,12:15,USD,orange,FOMC Member Quarles Speaks,https://www.forexfactory.com/calendar?month=march.2019#detail=110189,,,,Thu
28/03/2019,13:30,USD,red,Final GDP q/q,https://www.forexfactory.com/calendar?month=march.2019#detail=102826,2.2%,2.4%,2.6%,Thu
28/03/2019,,USD,yellow,Final GDP Price Index q/q,https://www.forexfactory.com/calendar?month=march.2019#detail=102827,1.7%,1.8%,1.8%,Thu
28/03/2019,,USD,yellow,Unemployment Claims,https://www.forexfactory.com/calendar?month=march.2019#detail=99704,211K,222K,216K,Thu
28/03/2019,14:30,USD,orange,FOMC Member Clarida Speaks,https://www.forexfactory.com/calendar?month=march.2019#detail=110191,,,,Thu
28/03/2019,15:00,USD,orange,FOMC Member Bowman Speaks,https://www.forexfactory.com/calendar?month=march.2019#detail=110194,,,,Thu
28/03/2019,,USD,yellow,Pending Home Sales m/m,https://www.forexfactory.com/calendar?month=march.2019#detail=106878,-1.0%,0.1%,4.3%,Thu
28/03/2019,15:30,USD,yellow,Natural Gas Storage,https://www.forexfactory.com/calendar?month=march.2019#detail=99698,-36B,-43B,-47B,Thu
28/03/2019,18:00,CHF,orange,Gov Board Member Maechler Speaks,https://www.forexfactory.com/calendar?month=march.2019#detail=110170,,,,Thu
28/03/2019,21:00,NZD,red,RBNZ Gov Orr Speaks,https://www.forexfactory.com/calendar?month=march.2019#detail=110178,,,,Thu
28/03/2019,22:20,USD,orange,FOMC Member Bullard Speaks,https://www.forexfactory.com/calendar?month=march.2019#detail=110195,,,,Thu
28/03/2019,22:45,NZD,yellow,Building Consents m/m,https://www.forexfactory.com/calendar?month=march.2019#detail=104632,1.9%,,13.6%,Thu
29/03/2019,00:30,JPY,yellow,Tokyo Core CPI y/y,https://www.forexfactory.com/calendar?month=march.2019#detail=107154,1.1%,1.1%,1.1%,Fri
29/03/2019,,JPY,yellow,Unemployment Rate,https://www.forexfactory.com/calendar?month=march.2019#detail=106694,2.3%,2.5%,2.5%,Fri
29/03/2019,00:50,JPY,yellow,Prelim Industrial Production m/m,https://www.forexfactory.com/calendar?month=march.2019#detail=107717,1.4%,1.4%,-3.4%,Fri
29/03/2019,,JPY,yellow,Retail Sales y/y,https://www.forexfactory.com/calendar?month=march.2019#detail=107718,0.4%,0.9%,0.6%,Fri
29/03/2019,01:01,GBP,yellow,GfK Consumer Confidence,https://www.forexfactory.com/calendar?month=march.2019#detail=103739,-13,-14,-13,Fri
29/03/2019,01:30,AUD,yellow,Private Sector Credit m/m,https://www.forexfactory.com/calendar?month=march.2019#detail=104210,0.3%,0.2%,0.2%,Fri
29/03/2019,06:00,JPY,yellow,Housing Starts y/y,https://www.forexfactory.com/calendar?month=march.2019#detail=107079,4.2%,-0.1%,1.1%,Fri
29/03/2019,08:00,EUR,yellow,German Import Prices m/m,https://www.forexfactory.com/calendar?month=march.2019#detail=106318,0.3%,0.5%,-0.2%,Fri
29/03/2019,,EUR,yellow,German Retail Sales m/m,https://www.forexfactory.com/calendar?month=march.2019#detail=106321,0.9%,-1.0%,2.8%,Fri
29/03/2019,,GBP,yellow,Nationwide HPI m/m,https://www.forexfactory.com/calendar?month=march.2019#detail=105578,0.2%,0.0%,0.0%,Fri
29/03/2019,08:45,EUR,yellow,French Consumer Spending m/m,https://www.forexfactory.com/calendar?month=march.2019#detail=101082,-0.4%,0.2%,1.4%,Fri
29/03/2019,,EUR,yellow,French Gov Budget Balance,https://www.forexfactory.com/calendar?month=march.2019#detail=101040,-36.9B,,-17.3B,Fri
29/03/2019,,EUR,yellow,French Prelim CPI m/m,https://www.forexfactory.com/calendar?month=march.2019#detail=101144,0.8%,0.9%,0.0%,Fri
29/03/2019,09:00,CHF,yellow,KOF Economic Barometer,https://www.forexfactory.com/calendar?month=march.2019#detail=105140,97.4,93.9,93.0,Fri
29/03/2019,09:55,EUR,yellow,German Unemployment Change,https://www.forexfactory.com/calendar?month=march.2019#detail=101598,-7K,-10K,-20K,Fri
29/03/2019,10:30,GBP,red,Current Account,https://www.forexfactory.com/calendar?month=march.2019#detail=106174,-23.7B,-22.9B,-23.0B,Fri
29/03/2019,,GBP,orange,Final GDP q/q,https://www.forexfactory.com/calendar?month=march.2019#detail=106177,0.2%,0.2%,0.2%,Fri
29/03/2019,,GBP,orange,Net Lending to Individuals m/m,https://www.forexfactory.com/calendar?month=march.2019#detail=101843,4.6B,4.6B,4.7B,Fri
29/03/2019,,GBP,yellow,M4 Money Supply m/m,https://www.forexfactory.com/calendar?month=march.2019#detail=101839,0.3%,0.3%,0.2%,Fri
29/03/2019,,GBP,yellow,Mortgage Approvals,https://www.forexfactory.com/calendar?month=march.2019#detail=101842,64K,65K,67K,Fri
29/03/2019,,GBP,yellow,Revised Business Investment q/q,https://www.forexfactory.com/calendar?month=march.2019#detail=106172,-0.9%,-1.4%,-1.4%,Fri
29/03/2019,11:00,EUR,yellow,Italian Prelim CPI m/m,https://www.forexfactory.com/calendar?month=march.2019#detail=100962,0.3%,0.3%,0.1%,Fri
29/03/2019,13:30,CAD,red,GDP m/m,https://www.forexfactory.com/calendar?month=march.2019#detail=108607,0.3%,0.1%,-0.1%,Fri
29/03/2019,,CAD,orange,RMPI m/m,https://www.forexfactory.com/calendar?month=march.2019#detail=108610,4.6%,1.2%,4.0%,Fri
29/03/2019,,CAD,yellow,IPPI m/m,https://www.forexfactory.com/calendar?month=march.2019#detail=108608,0.3%,0.4%,-0.3%,Fri
29/03/2019,,USD,orange,Core PCE Price Index m/m,https://www.forexfactory.com/calendar?month=march.2019#detail=102547,0.1%,0.2%,0.2%,Fri
29/03/2019,,USD,orange,Personal Spending m/m,https://www.forexfactory.com/calendar?month=march.2019#detail=102545,0.1%,0.3%,-0.6%,Fri
29/03/2019,,USD,yellow,Personal Income m/m,https://www.forexfactory.com/calendar?month=march.2019#detail=102553,0.2%,0.3%,-0.1%,Fri
29/03/2019,14:45,USD,orange,Chicago PMI,https://www.forexfactory.com/calendar?month=march.2019#detail=106806,58.7,61.1,64.7,Fri
29/03/2019,15:00,USD,orange,Revised UoM Consumer Sentiment,https://www.forexfactory.com/calendar?month=march.2019#detail=101648,98.4,97.8,97.8,Fri
29/03/2019,,USD,yellow,New Home Sales,https://www.forexfactory.com/calendar?month=march.2019#detail=102919,667K,625K,636K,Fri
29/03/2019,,USD,yellow,Revised UoM Inflation Expectations,https://www.forexfactory.com/calendar?month=march.2019#detail=101651,2.5%,,2.4%,Fri
29/03/2019,15:42,GBP,red,Parliament Brexit Vote,https://www.forexfactory.com/calendar?month=march.2019#detail=110150,Reject,Reject,,Fri
29/03/2019,17:00,USD,orange,FOMC Member Quarles Speaks,https://www.forexfactory.com/calendar?month=march.2019#detail=110197,,,,Fri
31/03/2019,02:00,CHF,gray,Daylight Saving Time Shift,https://www.forexfactory.com/calendar?month=march.2019#detail=99640,,,,Sun
31/03/2019,,CNY,red,Manufacturing PMI,https://www.forexfactory.com/calendar?month=march.2019#detail=107936,50.5,49.6,49.2,Sun
31/03/2019,,CNY,orange,Non-Manufacturing PMI,https://www.forexfactory.com/calendar?month=march.2019#detail=107935,54.8,54.5,54.3,Sun
31/03/2019,,EUR,gray,Daylight Saving Time Shift,https://www.forexfactory.com/calendar?month=march.2019#detail=99639,,,,Sun
31/03/2019,,GBP,gray,Daylight Saving Time Shift,https://www.forexfactory.com/calendar?month=march.2019#detail=99636,,,,Sun
31/03/2019,22:30,AUD,yellow,AIG Manufacturing Index,https://www.forexfactory.com/calendar?month=march.2019#detail=103820,51.0,,54.0,Sun
